categoria,codigo_barras,codigo_interno,descripcion,precio_base,precio_antes_iva,precio_iva_incluido,precio_descuento_3_pct,pagina
AGILITY GOLD PERROS ADULTOS,7707205150235,150235,Agility Gold Grandes Adultos x 15 Kg,301872.0,241498.0,253572.0,245965.0,1
AGILITY GOLD PERROS ADULTOS,7707205151096,151096,Agility Gold Grandes Adultos x 8 Kg,164284.0,131428.0,137999.0,133859.0,1
AGILITY GOLD PERROS ADULTOS,17707205151222,151222,Agility Gold Grandes Adultos x 3 Kg (4 Unds),254316.0,203453.0,213626.0,207217.0,1
AGILITY GOLD PERROS ADULTOS,17707205157062,157062,Agility Gold Grandes Adultos x 3 Kg (2 Unds),129821.0,103857.0,109049.0,105778.0,1
AGILITY GOLD PERROS ADULTOS,7707205151225,151225,Agility Gold Grandes Adultos x 3 Kg,67638.0,54110.0,56816.0,55111.0,1
AGILITY GOLD PERROS ADULTOS,17707205150300,150300,"Agility Gold Grandes Adultos 6 x 1,5 Kg (6 Unds)",194795.0,155836.0,163628.0,158719.0,1
AGILITY GOLD PERROS ADULTOS,17707205157055,157055,"Agility Gold Grandes Adultos 3 x 1,5 Kg (3 Unds)",99438.0,79550.0,83528.0,81022.0,1
AGILITY GOLD PERROS ADULTOS,7707205154479,154479,Agility Gold Pequeños Adultos x 7 Kg,160005.0,128004.0,134404.0,130372.0,1
AGILITY GOLD PERROS ADULTOS,17707205154469,154469,Agility Gold Pequeños Adultos x 3 Kg (4 Unds),293109.0,234487.0,246211.0,238825.0,1
AGILITY GOLD PERROS ADULTOS,17707205157109,157109,Agility Gold Pequeños Adultos x 3 Kg (2 Unds),149623.0,119698.0,125683.0,121913.0,1
AGILITY GOLD PERROS ADULTOS,7707205154462,154462,Agility Gold Pequeños Adultos x 3 Kg,77954.0,62363.0,65482.0,63517.0,1
AGILITY GOLD PERROS ADULTOS,17707205154452,154452,Agility Gold Pequeños Adultos x 1.5 Kg (6 Unds),215027.0,172021.0,180622.0,175204.0,1
AGILITY GOLD PERROS ADULTOS,17707205157093,157093,Agility Gold Pequeños Adultos x 1.5 Kg (3 Unds),109777.0,87821.0,92213.0,89446.0,1
AGILITY GOLD PERROS ADULTOS,17707205154445,154445,Agility Gold Pequeños Adultos x 500 Gr (10 Unds),139254.0,111403.0,116973.0,113464.0,1
AGILITY GOLD PERROS ADULTOS,17707205157552,157552,Agility Gold Pequeños Adultos x 500 Gr (5 Unds),71085.0,56868.0,59712.0,57920.0,1
AGILITY GOLD CUIDADO ESPECIAL PERROS PIEL,7707205157739,157739,Agility Gold Grandes Adultos Piel x 8 Kg,175717.0,140574.0,147603.0,143175.0,1
AGILITY GOLD CUIDADO ESPECIAL PERROS PIEL,17707205157729,157729,Agility Gold Grandes Adultos Piel 4 x 3 Kg,299293.0,239434.0,251406.0,243864.0,1
AGILITY GOLD CUIDADO ESPECIAL PERROS PIEL,17707205157903,157903,Agility Gold Grandes Adultos Piel 2 x 3 Kg,152781.0,122225.0,128336.0,124486.0,1
AGILITY GOLD CUIDADO ESPECIAL PERROS PIEL,17707205157712,157712,Agility Gold Grandes Adultos Piel 6 x 1.5 Kg,236682.0,189345.0,198813.0,192848.0,1
AGILITY GOLD CUIDADO ESPECIAL PERROS PIEL,17707205157897,157897,Agility Gold Grandes Adultos Piel 3 x 1.5 Kg,120820.0,96656.0,101489.0,98444.0,1
AGILITY GOLD CUIDADO ESPECIAL PERROS PIEL,7707205157760,157760,Agility Gold Pequeños Adultos Piel x 8 Kg,181973.0,145579.0,152858.0,148272.0,1
AGILITY GOLD CUIDADO ESPECIAL PERROS PIEL,17707205157750,157750,Agility Gold Pequeños Adultos Piel 4 x 3 Kg,309866.0,247892.0,260287.0,252478.0,1
AGILITY GOLD CUIDADO ESPECIAL PERROS PIEL,17707205157927,157927,Agility Gold Pequeños Adultos Piel 2 x 3 Kg,158178.0,126542.0,132869.0,128883.0,1
AGILITY GOLD CUIDADO ESPECIAL PERROS PIEL,7707205157753,157753,Agility Gold Pequeños Adultos Piel x 3 Kg,82411.0,65929.0,69226.0,67149.0,1
AGILITY GOLD CUIDADO ESPECIAL PERROS PIEL,17707205157743,157743,Agility Gold Pequeños Adultos Piel 6 x 1.5 Kg,241314.0,193051.0,202703.0,196622.0,1
AGILITY GOLD CUIDADO ESPECIAL PERROS PIEL,17707205157910,157910,Agility Gold Pequeños Adultos Piel 3 x 1.5 Kg,123184.0,98547.0,103474.0,100370.0,1
AGILITY GOLD PERROS CACHORROS,7707205150228,150228,Agility Gold Grandes Cachorros x 15 Kg,321954.0,257563.0,270441.0,262328.0,1
AGILITY GOLD PERROS CACHORROS,7707205152208,152208,Agility Gold Grandes Cachorros x 8 Kg,175213.0,140170.0,147179.0,142763.0,1
AGILITY GOLD PERROS CACHORROS,17707205151239,151239,Agility Gold Grandes Cachorros x 3 Kg (4 Unds),271057.0,216845.0,227688.0,220857.0,1
AGILITY GOLD PERROS CACHORROS,17707205157086,157086,Agility Gold Grandes Cachorros x 3 Kg (2 Unds),138367.0,110693.0,116228.0,112741.0,1
AGILITY GOLD PERROS CACHORROS,17707205150287,150287,"Agility Gold Grandes Cachorros 6 x 1,5 Kg",200217.0,160174.0,168182.0,163137.0,1
AGILITY GOLD PERROS CACHORROS,17707205157079,157079,"Agility Gold Grandes Cachorros 3 x 1,5 Kg",102216.0,81773.0,85862.0,83286.0,1
AGILITY GOLD PERROS CACHORROS,7707205150259,150259,Agility Gold Pequeños Cachorros x 8 Kg,187074.0,149659.0,157142.0,152428.0,1
AGILITY GOLD PERROS CACHORROS,17707205151246,151246,Agility Gold Pequeños Cachorros x 3 Kg (4 Unds),296824.0,237459.0,249332.0,241852.0,1
AGILITY GOLD PERROS CACHORROS,17707205157123,157123,Agility Gold Pequeños Cachorros x 3 Kg (2 Unds),151521.0,121217.0,127278.0,123459.0,1
AGILITY GOLD PERROS CACHORROS,17707205150263,150263,"Agility Gold Pequeños Cachorros 6 x 1,5 Kg",222193.0,177755.0,186642.0,181043.0,1
AGILITY GOLD PERROS CACHORROS,17707205157116,157116,"Agility Gold Pequeños Cachorros 3 x 1,5 Kg",113436.0,90749.0,95286.0,92428.0,1
AGILITY GOLD CUIDADO ESPECIAL PERROS,7707205157258,157258,Agility Gold Obesos 7 Kg,148521.0,115847.0,121639.0,117990.0,1
AGILITY GOLD CUIDADO ESPECIAL PERROS,17707205151062,151062,Agility Gold Obesos 4 x 1.5 Kg,162461.0,126720.0,133056.0,129064.0,1
AGILITY GOLD CUIDADO ESPECIAL PERROS,27707205151069,151069,Agility Gold Obesos 2 x 1.5 Kg,82888.0,64652.0,67885.0,65849.0,1
AGILITY GOLD CUIDADO ESPECIAL PERROS,7707205150709,150709,Agility Gold Primera Fase 8 Kg,204712.0,159675.0,167659.0,162629.0,1
AGILITY GOLD CUIDADO ESPECIAL PERROS,17707205152878,152878,Agility Gold Primera Fase 4 x 1.5 Kg,170915.0,133314.0,139979.0,135780.0,1
AGILITY GOLD CUIDADO ESPECIAL PERROS,27707205152875,152875,Agility Gold Primera Fase 2 x 1.5 Kg,87202.0,68017.0,71418.0,69276.0,1
AGILITY GOLD CUIDADO ESPECIAL PERROS,17707205155138,155138,Agility Gold Primera Fase 6 x 500 gr,100091.0,78071.0,81975.0,79516.0,1
AGILITY GOLD CUIDADO ESPECIAL PERROS,27707205155135,155135,Agility Gold Primera Fase 3 x 500 gr,51067.0,39833.0,41824.0,40569.0,1
AGILITY GOLD GATOS,7707205154516,154516,Agility Gold Gatos x 7 Kilos,176847.0,141478.0,148552.0,144095.0,1
AGILITY GOLD GATOS,17707205154858,154858,Agility Gold Gatos 4 x 1.5 Kilos,167187.0,133750.0,140437.0,136224.0,1
AGILITY GOLD GATOS,17707205157163,157163,Agility Gold Gatos 2 x 1.5 Kilos,85345.0,68276.0,71690.0,69539.0,1
AGILITY GOLD GATOS,17707205154506,154506,Agility Gold Gatos 3 x 3 Kilos,239057.0,191245.0,200808.0,194783.0,1
AGILITY GOLD GATOS,7707205154509,154509,Agility Gold Gatos x 3 Kilos,84773.0,67819.0,71210.0,69073.0,1
AGILITY GOLD GATOS,17707205154483,154483,Agility Gold Gatos 10 x 500 Gr,145688.0,116550.0,122378.0,118707.0,1
AGILITY GOLD GATOS,17707205157156,157156,Agility Gold Gatos 5 x 500 Gr,74370.0,59496.0,62471.0,60596.0,1
AGILITY GOLD GATITOS,17707205158207,158207,Agility Gold Gatitos 3 x 3 Kilos,265071.0,212057.0,222659.0,215980.0,1
AGILITY GOLD GATITOS,7707205158200,158200,Agility Gold Gatitos x 3 Kilos,93997.0,75198.0,78958.0,76589.0,1
AGILITY GOLD GATITOS,17707205158191,158191,Agility Gold Gatitos 4 x 1.5 Kilos,185782.0,148626.0,156057.0,151375.0,1
AGILITY GOLD GATITOS,17707205154400,154400,Agility Gold Gatitos 2 x 1.5 Kilos,94837.0,75870.0,79663.0,77273.0,1
AGILITY GOLD GATITOS,17707205158184,158184,Agility Gold Gatitos 10 x 500 Gramos,171615.0,137292.0,144157.0,139832.0,1
AGILITY GOLD GATITOS,17707205153892,153892,Agility Gold Gatitos 5 x 500 Gramos,87606.0,70084.0,73589.0,71381.0,1
AGILITY GOLD CUIDADO ESPECIAL GATOS ESTERILIZADOS,N/A,150693,Agility Gold Gatos Esterilizados x 7 Kg,195091.0,152171.0,159780.0,154986.0,1
AGILITY GOLD CUIDADO ESPECIAL GATOS ESTERILIZADOS,17707205155251,155251,Agility Gold Gatos Esterilizados 3 x 3 Kg,258162.0,201366.0,211435.0,205092.0,1
AGILITY GOLD CUIDADO ESPECIAL GATOS ESTERILIZADOS,770720515254,155254,Agility Gold Gatos Esterilizados x 3 Kg,91547.0,71407.0,74977.0,72728.0,1
AGILITY GOLD CUIDADO ESPECIAL GATOS ESTERILIZADOS,17707205150737,150737,Agility Gold Gatos Esterilizados 4 x 1.5 Kg,181946.0,141918.0,149013.0,144543.0,1
AGILITY GOLD CUIDADO ESPECIAL GATOS ESTERILIZADOS,27707205150734,150734,Agility Gold Gatos Esterilizados 2 x 1.5 Kg,92830.0,72407.0,76028.0,73747.0,1
AGILITY GOLD HUMEDOS PERRO,17707205154537,154537,Agility Gold Trozos de Cordero 12 x 100 Gr,59389.0,42760.0,44898.0,43551.0,2
AGILITY GOLD HUMEDOS PERRO,17707205154230,154230,Agility Gold En Trozos de Carne de Res 12 x 100 Gr,60453.0,43526.0,45703.0,44332.0,2
AGILITY GOLD HUMEDOS PERRO,17707205154247,154247,Agility Gold Trozos de Pavo 12 x 100 Gr,60624.0,43649.0,45831.0,44457.0,2
AGILITY GOLD HUMEDOS PERRO,17707205157958,157958,Agility Gold Trozos Cordero Cachorro 12 x 100,66441.0,47838.0,50230.0,48723.0,2
AGILITY GOLD HUMEDOS PERRO,17707205154834,154837,Agility Gold Trozos Surtido 12 x 100 Gr,60155.0,43312.0,45477.0,44113.0,2
AGILITY GOLD HUMEDOS PERRO,17707205157347,157347,Agility Poch Sutido Pague 3 Lleve 4,15039.0,10828.0,11369.0,11028.0,2
AGILITY GOLD PREMIOS PERRO,17707205159143,159143,Agility Gold Premios 6 x 250 Gr,123598.0,88991.0,93440.0,90637.0,2
AGILITY GOLD PREMIOS PERRO,27707205159140,159140,Agility Gold Premios 3 x 250 Gr,63081.0,45418.0,47689.0,46258.0,2
AGILITY GOLD PREMIOS PERRO,17707205159969,159969,Bombonera Agility Premios x 2 Kilos,133246.0,95937.0,100734.0,97712.0,2
AGILITY GOLD PREMIOS PERRO,7707205159962,159962,Bombonera Agility Premios x 1 Kilo,66624.0,47969.0,50368.0,48857.0,2
AGILITY GOLD PREMIOS PERRO,17707205158993,158993,Recarga Bombonera Agility Premios x 2 Kg,103313.0,74385.0,78104.0,75761.0,2
AGILITY GOLD PREMIOS PERRO,7707205158996,158996,Recarga Bombonera Agility Premios x 1 Kg,51657.0,37193.0,39053.0,37881.0,2
AGILITY GOLD PREMIOS PERRO,17707205154810,154810,Agility Premios Dental 6 x 150 Gr,67110.0,48320.0,50736.0,49213.0,2
AGILITY GOLD PREMIOS PERRO,17707205150812,150812,Agility Premios Dental Bombonera 2 x 500 Gr,84601.0,60913.0,63958.0,62039.0,2
AGILITY GOLD PREMIOS PERRO,7707205150815,150815,Agility Premios Dental Bombonera x 500 Gr,42300.0,30456.0,31979.0,31020.0,2
AGILITY GOLD PREMIOS GATO,27707205152240,152240,Agility Gold Premios Gatos 5 x 100 Gr,60107.0,42075.0,44178.0,42853.0,2
AGILITY GOLD PREMIOS GATO,17707205152007,152000,Agility Gold Premios Gatos 5 x 75 Gr,45080.0,31556.0,33134.0,32140.0,2
AGILITY GOLD LATAS ENTERICAS PERRO,17707205154438,154438,Agility Enterico Lata Caja 6 x 140 Gr,56204.0,42153.0,44261.0,42933.0,2
AGILITY GOLD LATAS ENTERICAS PERRO,17707205155435,155435,Agility Enterico Lata Caja 6 x 360 Gr,113535.0,85151.0,89409.0,86727.0,2
AGILITY GOLD LATAS ENTERICAS GATO,17707205154018,154018,Agility Enterico Gatos Caja 6 x 140 Gr,62343.0,46757.0,49095.0,47622.0,2
AGILITY GOLD LATAS ENTERICAS GATO,N/A,M288,Agility Enterico Gatos Pague 5 lleve 6 x 140 Gr,51952.0,38964.0,40912.0,39685.0,2
MENÚ NATURAL EXTR PERRO,17707205157774,157774,Menu Nat Ext Perro Res Pack 4x3 Kilos,476189.0,357141.0,374998.0,363749.0,2
MENÚ NATURAL EXTR PERRO,27707205157771,157771,Menu Nat Ext Perro Res Pack 2x3 Kilos,242953.0,182215.0,191326.0,185586.0,2
MENÚ NATURAL EXTR PERRO,7707205157777,157777,Menu Nat Ext Perro Res Pack x 3 Kilos,126646.0,94984.0,99734.0,96742.0,2
MENÚ NATURAL EXTR PERRO,17707205153219,153219,Menu Nat Ext Perro Res Pack 4x1.5 Kilos,250000.0,187500.0,196875.0,190969.0,2
MENÚ NATURAL EXTR PERRO,37707205153213,153213,Menu Nat Ext Perro Res Pack 2x1.5 Kilos,127551.0,95663.0,100446.0,97433.0,2
MENÚ NATURAL EXTR PERRO,7707205153212,153212,Menu Nat Ext Perro Res Pack x1.5 Kilos,66490.0,49867.0,52361.0,50790.0,2
MENÚ NATURAL EXTR PERRO,17707205159266,159266,Menu Nat Ext Perro Pollo/Salmon Pack 4x3 Kilos,476189.0,357141.0,374998.0,363749.0,2
MENÚ NATURAL EXTR PERRO,27707205159263,159263,Menu Nat Ext Perro Pollo/Salmon Pack 2x3 Kilos,242953.0,182215.0,191326.0,185586.0,2
MENÚ NATURAL EXTR PERRO,7707205159269,159269,Menu Nat Ext Perro Pollo/Salmon Pack x 3 Kilos,126646.0,94984.0,99734.0,96742.0,2
MENÚ NATURAL EXTR PERRO,17707205154339,154339,Menu Nat Ext Perro Pollo/Salmon Pack 4x1.5 Kilos,250000.0,187500.0,196875.0,190969.0,2
MENÚ NATURAL EXTR PERRO,27707205154336,154336,Menu Nat Ext Perro Pollo/Salmon Pack 2x1.5 Kilos,127551.0,95663.0,100446.0,97433.0,2
MENÚ NATURAL EXTR PERRO,7707205154332,154332,Menu Nat Ext Perro Pollo/Salmon Pack x1.5 Kilos,66490.0,49867.0,52361.0,50790.0,2
SNACKS MENÚ NATURAL PERRO,17707205154674,154674,Nutri Bar Cordero Manzana 6 x 150 Gr,79566.0,57287.0,60152.0,58347.0,2
SNACKS MENÚ NATURAL PERRO,7707205154677,154677,Nutri Bar Cordero Manzana x 150 Gr,14107.0,10157.0,10665.0,10345.0,2
SNACKS MENÚ NATURAL PERRO,17707205153769,153769,Nutri Bar Pollo y Vegetales 6 x 150 Gr,79566.0,57287.0,60152.0,58347.0,2
SNACKS MENÚ NATURAL PERRO,7707205153762,153762,Nutri Bar Pollo y Vegetales x 150 Gr,14107.0,10157.0,10665.0,10345.0,2
SNACKS MENÚ NATURAL PERRO,17707205152731,152731,Nutri Bar Salmón y Arandanos 6 x 150 Gr,79566.0,57287.0,60152.0,58347.0,2
SNACKS MENÚ NATURAL PERRO,7707205152734,152734,Nutri Bar Salmón y Arandanos x 150 Gr,14107.0,10157.0,10665.0,10345.0,2
SNACKS MENÚ NATURAL PERRO,97707205153765,153765,Nutri Bar Surtida 6 x 150 Gr,79566.0,57287.0,60152.0,58347.0,2
SNACKS MENÚ NATURAL PERRO,7707205152017,152017,Bombonera Nutri Bar Surtida x 800 Gr (20Unds),70890.0,51041.0,53593.0,51985.0,2
HÚMEDOS MENÚ NATURAL PERRO,27707205157511,157511,Menu Natural Salmon Dog Pack 6 x 300 Gr,52083.0,39063.0,41016.0,39785.0,2
HÚMEDOS MENÚ NATURAL PERRO,27707205157498,157498,Menu Natural Res Dog Pack 6 x 300 Gr,52083.0,39063.0,41016.0,39785.0,2
HÚMEDOS MENÚ NATURAL PERRO,27707205157504,157504,Menu Natural Pavo Dog Pack 6 x 300 Gr,52083.0,39063.0,41016.0,39785.0,2
HÚMEDOS MENÚ NATURAL PERRO,27707205158211,158211,Menu Natural Surtido Dog Pack 6 x 300 Gr,52083.0,39063.0,41016.0,39785.0,2
SNACKS CREMOSOS MENÚ NATURAL GATO,17707205159129,159129,Menu Nat Cremoso Gato Surt 6 *(6*13gr),45117.0,33838.0,35529.0,34463.0,2
SNACKS CREMOSOS MENÚ NATURAL GATO,7707205159122,159122,Menu Nat Cremoso Gato Surt (6*13gr),7999.0,5999.0,6299.0,6110.0,2
SNACKS CREMOSOS MENÚ NATURAL GATO,17707205154384,154384,Menu Nat Cremoso Gato Salmón 6 *(6*13gr),45117.0,33838.0,35529.0,34463.0,2
SNACKS CREMOSOS MENÚ NATURAL GATO,17707205152182,152182,Menu Nat Cremoso Gato Pescado 6 *(6*13gr),45117.0,33838.0,35529.0,34463.0,2
SNACKS CREMOSOS MENÚ NATURAL GATO,27707205151489,151489,Menu Nat Cremoso Gato Pavo 6 *(6*13gr),45117.0,33838.0,35529.0,34463.0,2
SNACKS CREMOSOS MENÚ NATURAL GATO,7707205151898,151898,Bombonera Menu Nat Cremoso Pescado (50*13gr),62663.0,46997.0,49347.0,47866.0,2
SNACKS CREMOSOS MENÚ NATURAL GATO,7707205156466,156466,Bombonera Menu Nat Cremoso Salmón (50*13gr),62663.0,46997.0,49347.0,47866.0,2
SNACKS CREMOSOS MENÚ NATURAL GATO,7707205150426,150426,Bombonera Menu Nat Cremoso Pavo (50*13gr),62663.0,46997.0,49347.0,47866.0,2
HUMEDOS MENÚ NATURAL GATO,27707205157528,157528,Menu Natural Pollo Cats 6 x 200 Gr,53089.0,39817.0,41808.0,40554.0,2
HUMEDOS MENÚ NATURAL GATO,27707205157535,157535,Menu Natural Salmón Cats 6 x 200 Gr,53089.0,39817.0,41808.0,40554.0,2
HUMEDOS MENÚ NATURAL GATO,27707205158228,158228,Menu Natural Surtido Cats 6 x 200 Gr,53089.0,39817.0,41808.0,40554.0,2
SIE7E VIDAS GATO,17707205156401,156401,7 Vidas Sabores de la Tierra 6 x 1.3 Kg,143320.0,117522.0,123398.0,119696.0,2
SIE7E VIDAS GATO,27707205156408,156408,7 Vidas Sabores de la Tierra 3 x 1.3 Kg,73105.0,59946.0,62944.0,61055.0,2
SIE7E VIDAS GATO,17707205153646,156404,7 Vidas Sabores de la Tierra x 1.3 Kg,25411.0,20837.0,21879.0,21223.0,2
SIE7E VIDAS GATO,27707205157580,157580,7 Vidas Sabores de la Tierra 20 x 500 Gr,208468.0,170944.0,179491.0,174106.0,2
SIE7E VIDAS GATO,37707205157587,157587,7 Vidas Sabores de la Tierra 10 x 500 Gr,106340.0,87198.0,91558.0,88812.0,2
SIE7E VIDAS GATO,7707205157586,157586,7 Vidas Sabores de la Tierra x 500 Gr,11089.0,9093.0,9547.0,9261.0,2
SIE7E VIDAS GATO,17707205153615,153615,7 Vidas Sabores del Mar 20 x 500 Gr,208468.0,170944.0,179491.0,174106.0,2
SIE7E VIDAS GATO,27707205153612,153612,7 Vidas Sabores del Mar 10 x 500 Gr,106340.0,87198.0,91558.0,88812.0,2
SIE7E VIDAS GATO,7707205153618,153618,7 Vidas Sabores del Mar x 500 Gr,11089.0,9093.0,9547.0,9261.0,2
SIE7E VIDAS GATO,17707205151833,151833,7 Vidas Sabores del Mar 6 x 1.3 Kg,143320.0,117522.0,123398.0,119696.0,2
SIE7E VIDAS GATO,27707205151830,151830,7 Vidas Sabores del Mar 3 x 1.3 Kg,73105.0,59946.0,62944.0,61055.0,2
SIE7E VIDAS GATO,7707205151836,151836,7 Vidas Sabores del Mar x 1.3 Kg,25411.0,20837.0,21879.0,21223.0,2
SNACKS CREMOSOS SIE7E VIDAS,17707205152342,152342,7 Vidas Cremoso Sabores de Tierra 6 (6 x 13gr),61411.0,46059.0,48362.0,46911.0,3
SNACKS CREMOSOS SIE7E VIDAS,7707205159979,159979,7 Vidas Cremoso Sabores de Tierra (6 x 13gr),10889.0,8166.0,8575.0,8317.0,3
SNACKS CREMOSOS SIE7E VIDAS,17707205152120,152120,7 Vidas Cremoso Sabores del Mar 6 (6 x 13gr),61411.0,46059.0,48362.0,46911.0,3
SNACKS CREMOSOS SIE7E VIDAS,7707205150013,150013,7 Vidas Cremoso Sabores del Mar (6 x 13gr),10889.0,8166.0,8575.0,8317.0,3
HUMEDOS SIE7E VIDAS,17707205158962,158962,7 Vidas Trozos Sabores de Tierra 12 x 75g,38088.0,27423.0,28794.0,27930.0,3
HUMEDOS SIE7E VIDAS,7707205158965,158965,7 Vidas Trozos Sabores de Tierra x 75g,3376.0,2431.0,2552.0,2476.0,3
HUMEDOS SIE7E VIDAS,17707205152540,152540,7 Vidas Trozos Sabores del Mar 12 x 75g,38088.0,27423.0,28794.0,27930.0,3
HUMEDOS SIE7E VIDAS,7707205152543,152543,7 Vidas Trozos Sabores del Mar x 75g,3376.0,2431.0,2552.0,2476.0,3
CHUNKY ADULTOS POLLO,7707205154493,154493,Chunky Adulto x 25 kg,191718.0,157209.0,165069.0,160117.0,3
CHUNKY ADULTOS POLLO,7707205158415,158415,Chunky Adulto x 9 kg.,79302.0,65027.0,68279.0,66230.0,3
CHUNKY ADULTOS POLLO,17707205153356,153356,Chunky Adulto 4 x 4 Kilos,149655.0,122717.0,128853.0,124988.0,3
CHUNKY ADULTOS POLLO,17707205157576,151576,Chunky Adulto 2 x 4 Kilos,76395.0,62644.0,65776.0,63803.0,3
CHUNKY ADULTOS POLLO,7707205153359,153359,Chunky Adulto x 4 Kilos,39853.0,32680.0,34314.0,33284.0,3
CHUNKY ADULTOS POLLO,17707205154889,154889,Chunky Adulto x 2 kg. (10 Unds),190970.0,156595.0,164425.0,159492.0,3
CHUNKY ADULTOS POLLO,17707205154254,154254,Chunky Adulto x 2 kg. (5 Unds),97484.0,79937.0,83934.0,81416.0,3
CHUNKY ADULTOS POLLO,7707205156855,156855,Chunky Adulto x 2 kg.,20316.0,16659.0,17492.0,16967.0,3
CHUNKY ADULTOS POLLO,17707205154667,154667,Chunky Adulto 20 x 500 Gr,89869.0,73692.0,77377.0,75056.0,3
CHUNKY ADULTOS POLLO,17707205157187,157187,Chunky Adulto 10 x 500 Gr,45876.0,37618.0,39499.0,38314.0,3
CHUNKY ADULTOS POLLO,7707205154660,154660,Chunky Adulto x 500 Gr,4779.0,3919.0,4115.0,3991.0,3
CHUNKY CACHORROS POLLO,7707205157937,157937,Chunky Cachorros x 18 kg,175759.0,144122.0,151328.0,146788.0,3
CHUNKY CACHORROS POLLO,7707205151850,151850,Chunky Cachorros x 9 kg.,90154.0,73926.0,77622.0,75294.0,3
CHUNKY CACHORROS POLLO,17707205153363,153363,Chunky Cachorros 4 x 4 Kilos,185555.0,152155.0,159763.0,154970.0,3
CHUNKY CACHORROS POLLO,17707205157583,157583,Chunky Cachorros 2 x 4 Kilos,94721.0,77671.0,81554.0,79108.0,3
CHUNKY CACHORROS POLLO,7707205153366,153366,Chunky Cachorros x 4 Kilos,49414.0,40520.0,42545.0,41269.0,3
CHUNKY CACHORROS POLLO,17707205157330,157330,Chunky Cachorros x 2 kg. (10 Unds),236780.0,194160.0,203867.0,197751.0,3
CHUNKY CACHORROS POLLO,17707205154278,154278,Chunky Cachorros x 2 kg. (5 Unds),120870.0,99113.0,104069.0,100947.0,3
CHUNKY CACHORROS POLLO,7707205157333,157333,Chunky Cachorros x 2 kg.,25190.0,20655.0,21688.0,21038.0,3
CHUNKY CACHORROS POLLO,17707205154612,154612,Chunky Cachorro 20 x 500 Gr,111123.0,91121.0,95677.0,92807.0,3
CHUNKY CACHORROS POLLO,17707205157224,157224,Chunky Cachorro 10 x 500 Gr,56725.0,46514.0,48840.0,47375.0,3
CHUNKY CACHORROS POLLO,7707205154615,154615,Chunky Cachorro x 500 Gr,5909.0,4846.0,5088.0,4935.0,3
CHUNKY  ADULTOS CORDERO Y SALMÓN,7707205151508,151508,Chunky Cordero Arroz y Salmón x 12 kg,157917.0,129492.0,135967.0,131888.0,3
CHUNKY  ADULTOS CORDERO Y SALMÓN,17707205153394,153394,Chunky Cordero Arroz y Salmón 4 x 4 Kg,279316.0,229039.0,240491.0,233277.0,3
CHUNKY  ADULTOS CORDERO Y SALMÓN,17707205157590,157590,Chunky Cordero Arroz y Salmón 2 x 4 Kg,142523.0,116869.0,122712.0,119031.0,3
CHUNKY  ADULTOS CORDERO Y SALMÓN,7707205153397,153397,Chunky Cordero Arroz y Salmón x 4 Kg,74384.0,60995.0,64044.0,62123.0,3
CHUNKY  ADULTOS CORDERO Y SALMÓN,17707205151567,151567,Chunky Cordero Arroz y Salmón x 1.5 kg (6 Unds),170574.0,139871.0,146864.0,142458.0,3
CHUNKY  ADULTOS CORDERO Y SALMÓN,17707205157279,157279,Chunky Cordero Arroz y Salmón x 1.5 kg (3 Unds),87027.0,71362.0,74930.0,72682.0,3
CHUNKY  ADULTOS CORDERO Y SALMÓN,7707205151560,151560,Chunky Cordero Arroz y Salmón x 1.5 kg,30244.0,24800.0,26040.0,25259.0,3
CHUNKY  CACHORROS CORDERO Y SALMÓN,7707205153151,153151,Chunky Cachorro Cordero Arroz y Salmón x 8 kg,128151.0,105084.0,110338.0,107028.0,3
CHUNKY  CACHORROS CORDERO Y SALMÓN,17707205153400,153400,Chunky Cachorro Cordero Arroz y Salmón 4 x 4 Kg,326284.0,267553.0,280931.0,272503.0,3
CHUNKY  CACHORROS CORDERO Y SALMÓN,17707205157606,157606,Chunky Cachorro Cordero Arroz y Salmón 2 x 4 Kg,166489.0,136521.0,143347.0,139046.0,3
CHUNKY  CACHORROS CORDERO Y SALMÓN,7707205153403,153403,Chunky Cachorro Cordero Arroz y Salmón x 4 Kilos,86891.0,71251.0,74813.0,72569.0,3
CHUNKY  CACHORROS CORDERO Y SALMÓN,17707205153165,153165,Chunky Cachorro Cordero Arroz y Salmón x 1.5 kg (6 Unds),201230.0,165009.0,173259.0,168061.0,3
CHUNKY  CACHORROS CORDERO Y SALMÓN,17707205157231,157231,Chunky Cachorro Cordero Arroz y Salmón x 1.5 kg (3 Unds),102679.0,84197.0,88407.0,85755.0,3
CHUNKY  CACHORROS CORDERO Y SALMÓN,7707205153168,153168,Chunky Cachorro Cordero Arroz y Salmón x 1.5 kg,35679.0,29257.0,30720.0,29798.0,3
CHUNKY  ADULTOS RAZAS PEQUEÑAS,7707205154110,154110,Chunky Adulto Razas Pequeñas x 8 Kilos,72236.0,59233.0,62195.0,60329.0,3
CHUNKY  ADULTOS RAZAS PEQUEÑAS,17707205154124,154124,Chunky Adulto Razas Pequeñas 4 x 4 Kilos,156245.0,128121.0,134527.0,130491.0,3
CHUNKY  ADULTOS RAZAS PEQUEÑAS,17707205157613,157613,Chunky Adulto Razas Pequeñas 2 x 4 Kilos,79759.0,65402.0,68672.0,66612.0,3
CHUNKY  ADULTOS RAZAS PEQUEÑAS,7707205154127,154127,Chunky Adulto Razas Pequeñas x 4 Kilos,41608.0,34119.0,35824.0,34750.0,3
CHUNKY  ADULTOS RAZAS PEQUEÑAS,17707205154131,154131,Chunky Adulto Razas Pequeñas 6 x 1.5 Kilos,101360.0,83115.0,87271.0,84653.0,3
CHUNKY  ADULTOS RAZAS PEQUEÑAS,17707205157200,157200,Chunky Adulto Razas Pequeñas 3 x 1.5 Kilos,51741.0,42428.0,44549.0,43213.0,3
CHUNKY  ADULTOS RAZAS PEQUEÑAS,7707205154134,154134,Chunky Adulto Razas Pequeñas x 1.5 Kilos,17972.0,14737.0,15474.0,15010.0,3
CHUNKY  ADULTOS RAZAS PEQUEÑAS,17707205154148,154148,Chunky Adulto Razas Pequeñas 20 x 500 Gramos,109743.0,89989.0,94489.0,91654.0,3
CHUNKY  ADULTOS RAZAS PEQUEÑAS,17707205157217,157217,Chunky Adulto Razas Pequeñas 10 x 500 Gramos,56021.0,45937.0,48234.0,46787.0,3
CHUNKY  ADULTOS RAZAS PEQUEÑAS,7707205154141,154141,Chunky Adulto Razas Pequeñas x 500 Gramos,5838.0,4787.0,5026.0,4875.0,3
CHUNKY  CACHORROS RAZAS PEQUEÑAS,7707205159986,159986,Chunky Cachorro Razas Pequeñas x 8 Kilos,95776.0,78536.0,82463.0,79989.0,3
CHUNKY  CACHORROS RAZAS PEQUEÑAS,17707205159990,159990,Chunky Cachorro Razas Pequeñas 4 x 3 Kilos,166345.0,136403.0,143223.0,138926.0,3
CHUNKY  CACHORROS RAZAS PEQUEÑAS,27707205159997,159997,Chunky Cachorro Razas Pequeñas 2 x 3 Kilos,84870.0,69593.0,73073.0,70881.0,3
CHUNKY  CACHORROS RAZAS PEQUEÑAS,7707205159993,159993,Chunky Cachorro Razas Pequeñas x 3 Kilos,44241.0,36277.0,38091.0,36948.0,3
CHUNKY  CACHORROS RAZAS PEQUEÑAS,17707205151031,151031,Chunky Cachorro Razas Pequeñas 6 x 1.5 Kilos,127360.0,104436.0,109657.0,106368.0,3
CHUNKY  CACHORROS RAZAS PEQUEÑAS,27707205151038,151038,Chunky Cachorro Razas Pequeñas 3 x 1.5 Kilos,64980.0,53284.0,55948.0,54270.0,3
CHUNKY  CACHORROS RAZAS PEQUEÑAS,7707205151034,151034,Chunky Cachorro Razas Pequeñas x 1.5 Kilos,22581.0,18517.0,19442.0,18859.0,3
CHUNKY  CACHORROS RAZAS PEQUEÑAS,17707205156838,156838,Chunky Cachorro Razas Pequeñas 20 x 500 Gramos,132821.0,108913.0,114359.0,110928.0,3
CHUNKY  CACHORROS RAZAS PEQUEÑAS,27707205156835,156835,Chunky Cachorro Razas Pequeñas 10 x 500 Gramos,67766.0,55568.0,58346.0,56596.0,3
CHUNKY  CACHORROS RAZAS PEQUEÑAS,7707205156831,156831,Chunky Cachorro Razas Pequeñas x 500 Gramos,7065.0,5793.0,6083.0,5900.0,3
CHUNKY ADULTO MAYOR POLLO Y SALMÓN,7707205153304,153304,Chunky Adulto Mayor x 12 Kilos,150023.0,123019.0,129170.0,125295.0,3
CHUNKY ADULTO MAYOR POLLO Y SALMÓN,17707205153325,153325,"Chunky Adulto Mayor 6 x 1,5 Kilos",162045.0,132877.0,139521.0,135335.0,3
CHUNKY ADULTO MAYOR POLLO Y SALMÓN,17707205157194,157194,"Chunky Adulto Mayor 3 x 1,5 Kilos",82676.0,67794.0,71184.0,69049.0,3
CHUNKY ADULTO MAYOR POLLO Y SALMÓN,7707205153328,153328,"Chunky Adulto Mayor x 1,5 Kilos",28731.0,23560.0,24738.0,23995.0,3
CHUNKY ADULTO VIDA ACTIVA POLLO Y SALMÓN,7707205157708,157708,Chunky Adulto Vida Activa x 8 Kg,85340.0,68272.0,71686.0,69535.0,3
CHUNKY ADULTO VIDA ACTIVA POLLO Y SALMÓN,17707205157699,157699,Chunky Adulto Vida Activa 4 x 3 Kg,135094.0,108075.0,113479.0,110075.0,3
CHUNKY ADULTO VIDA ACTIVA POLLO Y SALMÓN,27707205157696,157696,Chunky Adulto Vida Activa 2 x 3 Kg,68963.0,55170.0,57929.0,56191.0,3
CHUNKY ADULTO VIDA ACTIVA POLLO Y SALMÓN,7707205157692,157692,Chunky Adulto Vida Activa x 3 Kg,35930.0,28744.0,30181.0,29276.0,3
CHUNKY ADULTO VIDA ACTIVA POLLO Y SALMÓN,17707205157682,157682,Chunky Adulto Vida Activa 6 x 1.5 Kg,125500.0,100400.0,105420.0,102257.0,3
CHUNKY ADULTO VIDA ACTIVA POLLO Y SALMÓN,27707205157689,157689,Chunky Adulto Vida Activa 3 x 1.5 Kg,64065.0,51252.0,53815.0,52200.0,3
CHUNKY ADULTO VIDA ACTIVA POLLO Y SALMÓN,7707205157685,157685,Chunky Adulto Vida Activa x 1.5 Kg,22251.0,17801.0,18691.0,18130.0,3
HÚMEDOS DELIDOG CHUNKY,17707205151574,151574,Delidog Lata Paté x 400 Grs (12 Unds),133507.0,96125.0,100931.0,97903.0,4
HÚMEDOS DELIDOG CHUNKY,7707205151577,151577,Delidog Lata Pollo Paté x 400 Grs,11835.0,8522.0,8948.0,8679.0,4
HÚMEDOS DELIDOG CHUNKY,17707205153837,153837,Delidog Lata Paté x 400 grs (6 Unds),66753.0,48062.0,50466.0,48952.0,4
HÚMEDOS DELIDOG CHUNKY,17707205151680,151680,Delidog LataPollo Paté 12 x 400 grs,133507.0,96125.0,100931.0,97903.0,4
HÚMEDOS DELIDOG CHUNKY,7707205151683,151683,Delidog Lata Pollo Trozos x 395 gr,11835.0,8522.0,8948.0,8679.0,4
HÚMEDOS DELIDOG CHUNKY,17707205153844,153844,Delidog Lata Pollo Trozos (6 Unds),66753.0,48062.0,50466.0,48952.0,4
HÚMEDOS DELIDOG CHUNKY,17707205152915,152915,Chunky Estofado de Res 6 x 400 Gr,72891.0,48108.0,50513.0,48998.0,4
HÚMEDOS DELIDOG CHUNKY,27707205152912,152912,Chunky Estofado de Res 12 x 400 Gr,142866.0,94291.0,99006.0,96036.0,4
HÚMEDOS DELIDOG CHUNKY,7707205152918,152918,Chunky Estofado de Res x 400 Gr,12666.0,8359.0,8777.0,8514.0,4
HÚMEDOS DELIDOG CHUNKY,17707205151376,151376,Chunky Delidog Pollo Paté 6 x 310 Gr Pote,62613.0,45081.0,47335.0,45915.0,4
HÚMEDOS DELIDOG CHUNKY,7707205151379,151379,Chunky Delidog Pollo Paté x 310 Gr Pote,11102.0,7994.0,8393.0,8141.0,4
HÚMEDOS DELIDOG CHUNKY,17707205156920,156920,Chunky Delidog Pollo Paté 8 x 156 Gr Pote,49041.0,35309.0,37075.0,35962.0,4
HÚMEDOS DELIDOG CHUNKY,7707205156923,156923,Chunky Delidog Pollo Paté x 156 Gr Pote,6522.0,4696.0,4931.0,4783.0,4
HÚMEDOS DELIDOG CHUNKY,17707205157408,157408,Chunky Delidog Trozos Pollo 8 x 156 Gr Pote,46967.0,33817.0,35507.0,34442.0,4
HÚMEDOS DELIDOG CHUNKY,7707205157401,157401,Chunky Delidog Trozos Pollo x 156 Gr Pote,6246.0,4497.0,4722.0,4580.0,4
HÚMEDOS DELIDOG CHUNKY,17707205158788,158788,Chunky Delidog Trozos 6 x 310 Gr Pote,59521.0,42855.0,44998.0,43648.0,4
HÚMEDOS DELIDOG CHUNKY,7707205158781,158781,Chunky Delidog Trozos x 310 Gr Pote,10553.0,7598.0,7978.0,7739.0,4
HÚMEDOS DELIDOG CHUNKY,7707205152963,152963,Chunky Delidog Surtido 6 x 310 Gr Pote,61066.0,43967.0,46166.0,44781.0,4
HÚMEDOS DELIDOG CHUNKY,7707205155032,155032,Chunky Delidog Surtido 8 x 156 Gr Pote,48003.0,34562.0,36291.0,35202.0,4
HÚMEDOS DELIDOG CHUNKY,17707205153455,153455,Chunky Delidog Trozos de Pavo 12 x 100g,38956.0,28048.0,29451.0,28567.0,4
HÚMEDOS DELIDOG CHUNKY,7707205153458,153458,Chunky Delidog Trozos de Pavo x 100g,3453.0,2486.0,2611.0,2532.0,4
HÚMEDOS DELIDOG CHUNKY,17707205153431,153431,Chunky Delidog Trozos de Carne de Res 12 x 100g,38956.0,28048.0,29451.0,28567.0,4
HÚMEDOS DELIDOG CHUNKY,17707205153462,153462,Chunky Delidog Trozos de Pavo 6 x 250g,34434.0,24792.0,26032.0,25251.0,4
HÚMEDOS DELIDOG CHUNKY,7707205153465,153465,Chunky Delidog Trozos de Pavo x 250g,6105.0,4396.0,4616.0,4477.0,4
HÚMEDOS DELIDOG CHUNKY,17707205153448,153448,Chunky Delidog Trozos de Carne de Res 6 x 250g,34434.0,24792.0,26032.0,25251.0,4
HÚMEDOS DELIDOG CHUNKY,7707205153441,153441,Chunky Delidog Trozos de Carne de Res x 250g,6105.0,4396.0,4616.0,4477.0,4
HÚMEDOS DELIDOG CHUNKY,17707205153547,153547,Chunky Delidog Surtido 12 x 100g,38956.0,28048.0,29451.0,28567.0,4
HÚMEDOS DELIDOG CHUNKY,17707205153738,153738,Chunky Delidog Surtido Pague 3 Lleve 4,11456.0,8249.0,8661.0,8401.0,4
SNACKS DELIDOG CHUNKY,17707205153141,153141,Delicaprichos 8 Unds x 160 Grs,59135.0,42577.0,44706.0,43365.0,4
SNACKS DELIDOG CHUNKY,7707205153144,153144,Delicaprichos x 160 Grs,7864.0,5662.0,5945.0,5766.0,4
SNACKS DELIDOG CHUNKY,17707205153875,153875,Bombonera Snacks Surtida (2x1 Kg) (Mix+Dent),97983.0,70548.0,74076.0,71853.0,4
SNACKS DELIDOG CHUNKY,17707205153646,153646,Bombonera Snacks Delidog Dent (2x1 Kg),91178.0,65648.0,68931.0,66863.0,4
SNACKS DELIDOG CHUNKY,17707205153653,153653,Bombonera Snacks Delidog Mix (2x1 Kg),104792.0,75450.0,79223.0,76846.0,4
SNACKS DELIDOG CHUNKY,17707205156623,156623,Bombonera Delidog Bone (2x1 Kg),83133.0,59856.0,62849.0,60963.0,4
SNACKS DELIDOG CHUNKY,7707205156626,156626,Bombonera Delidog Bone x1 Kg,41567.0,29928.0,31424.0,30482.0,4
SNACKS DELIDOG CHUNKY,7707205154905,154905,Recarga Delidog Dent x 1 Kg,36017.0,25932.0,27229.0,26412.0,4
SNACKS DELIDOG CHUNKY,17707205154902,154902,Recarga Delidog Dent (2x1 Kg),67711.0,48752.0,51189.0,49654.0,4
SNACKS DELIDOG CHUNKY,7707205154912,154912,Recarga Delidog Mix x 1 Kg,49134.0,35377.0,37146.0,36031.0,4
SNACKS DELIDOG CHUNKY,17707205154919,154919,Recarga Delidog Mix (2x1 Kg),92372.0,66508.0,69833.0,67738.0,4
SNACKS DELIDOG CHUNKY,17707205158979,158979,Recarga Bombonera Delidog Bone 2x1 Kg,61422.0,44224.0,46435.0,45042.0,4
SNACKS DELIDOG CHUNKY,7707205158972,158972,Recarga Bombonera Delidog Bone x1 Kg,30711.0,22112.0,23218.0,22521.0,4
SNACKS DELIDOG CHUNKY,17707205153516,153516,Chunky Delidog Mix 10 x 280 Gr,182696.0,131541.0,138118.0,133975.0,4
SNACKS DELIDOG CHUNKY,17707205158146,158146,Chunky Delidog Mix 5 x 280 Gr,92290.0,66449.0,69771.0,67678.0,4
SNACKS DELIDOG CHUNKY,7707205153519,153519,Chunky Delidog Mix x 280 Gr,19435.0,13994.0,14693.0,14252.0,4
SNACKS DELIDOG CHUNKY,17707205153509,153509,Chunky Delidog Dent 10 x 150 Gr,91181.0,65651.0,68933.0,66865.0,4
SNACKS DELIDOG CHUNKY,17707205158153,158153,Chunky Delidog Dent 5 x 150 Gr,46521.0,33495.0,35170.0,34115.0,4
SNACKS DELIDOG CHUNKY,7707205153502,153502,Chunky Delidog Dent x 150 Gr,9700.0,6984.0,7333.0,7113.0,4
SNACKS DELIDOG CHUNKY,17707205153097,153097,Delidog Bone 8 x 170 Gr,83503.0,60122.0,63129.0,61235.0,4
SNACKS DELIDOG CHUNKY,27707205153094,153094,Delidog Bone 4 x 170 Gr,42604.0,30675.0,32209.0,31242.0,4
SNACKS DELIDOG CHUNKY,7707205153090,153090,Delidog Bone x 170 Gr,11104.0,7995.0,8395.0,8143.0,4
DOGYURT CHUNKY PERROS,37707205153053,153053,Dog Yurt Delidog 12 x 160 gr,110390.0,85000.0,89250.0,86572.0,4
DOGYURT CHUNKY PERROS,37707205153770,153770,Dog Yurt Nutribar 12 x 160 gr,110390.0,85000.0,89250.0,86572.0,4
DOGYURT CHUNKY PERROS,27707205153059,153059,Dog Yurt Delidog 6 x 160 gr,56321.0,43367.0,45535.0,44169.0,4
DOGYURT CHUNKY PERROS,27707205153776,153776,Dog Yurt Nutribar 6 x 160 gr,56321.0,43367.0,45535.0,44169.0,4
DOGYURT CHUNKY PERROS,7707205150174,150174,Dog Yurt Surtido 12 x 160 gr,110390.0,85000.0,89250.0,86572.0,4
LINEA CHUNKY GATOS,7707205151515,151515,Chunky Gatos x 18 kg,165539.0,135742.0,142529.0,138253.0,4
LINEA CHUNKY GATOS,7707205150150,150150,Chunky Gatos x 8 kg,74103.0,60764.0,63802.0,61888.0,4
LINEA CHUNKY GATOS,17707205150201,150201,Chunky Cats 20 x 500 Gr,119093.0,97656.0,102539.0,99463.0,4
LINEA CHUNKY GATOS,17707205157248,157248,Chunky Gatos 10 x 500 Gr,60762.0,49825.0,52316.0,50747.0,4
LINEA CHUNKY GATOS,7707205150204,150204,Chunky Gatos x 500 Gr,6334.0,5194.0,5454.0,5290.0,4
LINEA CHUNKY GATOS,7707205154929,154929,Chunky Gatos Pollo x 8 Kg,111846.0,91714.0,96299.0,93410.0,4
LINEA CHUNKY GATOS,17707205154971,154974,Chunky Gatos Pollo 6 x 1.5 Kg,151939.0,124590.0,130820.0,126895.0,4
LINEA CHUNKY GATOS,17707205157828,157828,Chunky Gatos Pollo 3 x 1.5 Kg,77561.0,63600.0,66780.0,64776.0,4
LINEA CHUNKY GATOS,7707205154974,154971,Chunky Gatos Pollo x 1.5 Kg,26940.0,22090.0,23195.0,22499.0,4
LINEA CHUNKY GATOS,17707205154988,154981,Chunky Gatos Pollo 20 x 500 Gr,200498.0,164408.0,172629.0,167450.0,4
LINEA CHUNKY GATOS,17707205157835,157835,Chunky Gatos Pollo 10 x 500 Gr,102349.0,83926.0,88123.0,85479.0,4
LINEA CHUNKY GATOS,7707205154981,154988,Chunky Gatos Pollo x 500 Gr,10665.0,8745.0,9182.0,8907.0,4
LINEA CHUNKY GATOS,7707205154998,154998,Chunky Gatos Salmón y Cordero x 8 Kg,111846.0,91714.0,96299.0,93410.0,4
LINEA CHUNKY GATOS,17707205157002,157005,Chunky Gatos Salmón y Cordero 6 x 1.5 Kg,151939.0,124590.0,130820.0,126895.0,4
LINEA CHUNKY GATOS,17707205157842,157842,Chunky Gatos Salmón y Cordero 3 x 1.5 Kg,77561.0,63600.0,66780.0,64776.0,4
LINEA CHUNKY GATOS,7707205157005,157002,Chunky Gatos Salmón y Cordero x 1.5 Kg,26940.0,22090.0,23195.0,22499.0,4
LINEA CHUNKY GATOS,7707205157012,157012,Chunky Gatos Salmón y Cordero 20 x 500 Gr,201528.0,165253.0,173516.0,168310.0,4
LINEA CHUNKY GATOS,17707205157859,157859,Chunky Gatos Salmón y Cordero 10 x 500 Gr,102875.0,84358.0,88576.0,85918.0,4
LINEA CHUNKY GATOS,17707205157019,157019,Chunky Gatos Salmón y Cordero x 500 Gr,10719.0,8789.0,9229.0,8952.0,4
LINEA CHUNKY GATOS,7707205157029,157029,Chunky Gaticos Pollo x 8 Kg,131218.0,107599.0,112979.0,109590.0,4
LINEA CHUNKY GATOS,7707205157036,157036,Chunky Gaticos Pollo 6 x 1.5 Kg,163186.0,133812.0,140503.0,136288.0,4
LINEA CHUNKY GATOS,17707205157866,157866,Chunky Gaticos Pollo 3 x 1.5 Kg,83303.0,68308.0,71724.0,69572.0,4
LINEA CHUNKY GATOS,17707205157033,157033,Chunky Gaticos Pollo x 1.5 Kg,28933.0,23725.0,24912.0,24164.0,4
LINEA CHUNKY GATOS,7707205157043,157043,Chunky Gaticos Pollo 20 x 500 Gr,211153.0,173146.0,181803.0,176349.0,4
LINEA CHUNKY GATOS,17707205157873,157873,Chunky Gaticos Pollo 10 x 500 Gr,107787.0,88386.0,92805.0,90021.0,4
LINEA CHUNKY GATOS,17707205157048,157048,Chunky Gaticos Pollo x 500 Gr,11231.0,9210.0,9670.0,9380.0,4
LINEA CHUNKY GATOS,17707205158399,158399,Combo Chunky Gatos Secos,157228.0,128927.0,135373.0,131312.0,4
HÚMEDOS DELICAT CHUNKY,17707205151529,151529,Delicat Pollo Lata x 156 grs (24 Unds),147533.0,106224.0,111535.0,108189.0,5
HÚMEDOS DELICAT CHUNKY,7707205151522,151522,Delicat Pollo Lata x 156 grs,6541.0,4709.0,4945.0,4796.0,5
HÚMEDOS DELICAT CHUNKY,17707205153851,153851,Delicat Pollo Lata x 156 grs (6 Unds),36884.0,26556.0,27884.0,27048.0,5
HÚMEDOS DELICAT CHUNKY,17707205151536,151536,Delicat Salmon Lata x 156 grs (24 Unids),147533.0,106224.0,111535.0,108189.0,5
HÚMEDOS DELICAT CHUNKY,7707205151539,151539,Delicat Salmon Lata x 156 grs,6541.0,4709.0,4945.0,4796.0,5
HÚMEDOS DELICAT CHUNKY,17707205153868,153868,Delicat Salmon Lata x 156 grs (6 Unds),36884.0,26556.0,27884.0,27048.0,5
HÚMEDOS DELICAT CHUNKY,17707205150867,150867,Chunky Delicat Pollo 8 x 156 Gr Pote,57289.0,41248.0,43310.0,42011.0,5
HÚMEDOS DELICAT CHUNKY,7707205150860,150860,Chunky Delicat Pollo x 156 Gr Pote,7618.0,5485.0,5759.0,5586.0,5
HÚMEDOS DELICAT CHUNKY,17707205158573,158573,Chunky Delicat Salmón 8 x 156 Gr Pote,59135.0,42577.0,44706.0,43365.0,5
HÚMEDOS DELICAT CHUNKY,7707205158576,158576,Chunky Delicat Salmón x 156 Gr Pote,7864.0,5662.0,5945.0,5766.0,5
HÚMEDOS DELICAT CHUNKY,7707205154004,154004,Chunky Delicat Surtido 8 x 156 Gr Pote,58212.0,41912.0,44008.0,42688.0,5
HÚMEDOS DELICAT CHUNKY,17707205153479,153479,Chunky Delicat Trozos de Pavo 12 x 80g,36395.0,26205.0,27515.0,26689.0,5
HÚMEDOS DELICAT CHUNKY,7707205153472,153472,Chunky Delicat Trozos de Pavo x 80g,3226.0,2323.0,2439.0,2366.0,5
HÚMEDOS DELICAT CHUNKY,17707205153493,153493,Chunky Delicat Trozos de Salmon 12 x 80g,36395.0,26205.0,27515.0,26689.0,5
HÚMEDOS DELICAT CHUNKY,7707205153496,153496,Chunky Delicat Trozos de Salmon x 80g,3226.0,2323.0,2439.0,2366.0,5
HÚMEDOS DELICAT CHUNKY,17707205153486,153486,Chunky Delicat Trozos de Pollo 12 x 80g,36395.0,26205.0,27515.0,26689.0,5
HÚMEDOS DELICAT CHUNKY,7707205153489,153489,Chunky Delicat Trozos de Pollo x 80g,3226.0,2323.0,2439.0,2366.0,5
HÚMEDOS DELICAT CHUNKY,17707205153554,153554,Chunky Delicat Surtido 12 x 80g,36395.0,26205.0,27515.0,26689.0,5
HÚMEDOS DELICAT CHUNKY,7707205154103,154103,Chunky Delicat Surtido Pague 3 Lleve 4,10704.0,7707.0,8093.0,7850.0,5
HÚMEDOS DELICAT CHUNKY,17707205157422,157422,Delicat Pouch (6 Unds),21409.0,15415.0,16185.0,15700.0,5
HÚMEDOS DELICAT CHUNKY,17707205157439,157439,Delidog Pouch (6 Unds),22913.0,16498.0,17322.0,16803.0,5
HÚMEDOS DELICAT CHUNKY,7707205157975,157975,Delicat Pouch Surtido 7 x 80 Gr,21888.0,15759.0,16547.0,16051.0,5
HÚMEDOS DELICAT CHUNKY,7707205157982,157982,Delidog Pouch Surtido 7 x 100 Gr,23427.0,16868.0,17711.0,17180.0,5
HÚMEDOS DELICAT CHUNKY,7707205157999,157999,Delicat Surtida 6 x 156 grs,36884.0,26556.0,27884.0,27048.0,5
SNACKS DELICAT CHUNKY,17707205153936,153936,Chunky Delicaprichos Gatos 10 x 75 Gr,42006.0,30244.0,31757.0,30804.0,5
SNACKS DELICAT CHUNKY,7707205153939,153939,Chunky Delicaprichos Gatos x 75 Gr,4469.0,3218.0,3378.0,3277.0,5
ITALCAN PLUS,7707205150952,150952,Italcan Plus Pollo y Arroz x 25 kg,133928.0,113839.0,119531.0,115945.0,5
ITALCAN PLUS,7707205150686,150686,Italcan Plus Carne y Veg x 25 kilos,133928.0,113839.0,119531.0,115945.0,5
NATURAL BITES PECES,7707205151751,151755,Natural Bites Peces Tropicales x 10 Kilos,171809.0,123702.0,129887.0,125991.0,5
ARENA SEPICAT,N/A,M183,Arena Gatos 4.8 Kilos 5% dto,45160.0,31612.0,37619.0,36490.0,5
ARENA SEPICAT,N/A,M077,Arena Gatos 4.8 Kilos,47537.0,33276.0,39598.0,38410.0,5
ARENA SEPICAT,N/A,M299,Arena Gatos 9 Kilos,74933.0,52453.0,62419.0,60547.0,5
