Covered employment classified by three-digit NAICS industry subsectors,,,,,,,,,,,,,,,,,,,Back to index,,,,,,,,
Skagit County,,,,,,,,,,,,,,,,,,,,,,,,,,,
2025 annual averages (revised),,,,,,,,,,,,,,,,,,,,,,,,,,,
Source: Employment Security Department/LMIR,,,,,,,,,,,,,,,,,,,,,,,,,,,
2-digit NAICS,3-digit NAICS,Industry subsector,Average Firms,Jan,Feb,Mar,Apr,May,Jun,Jul,Aug,Sep,Oct,Nov,Dec,"Total 2025
wages paid",Average annual employment,Average annual wage,Average weekly wage,Q1 wages paid,Q2 wages paid,Q3 wages paid,Q4 wages paid,Q1 Firms,Q2 Firms,Q3 Firms,Q4 Firms
TOTAL,,Total,"3,663","52,704","52,731","53,356","54,188","54,670","55,872","55,791","55,224","54,625","53,944","53,418","53,255","$3,726,885,128 ","54,148","$68,828 ","$1,324 ","$898,322,134 ","$942,028,770 ","$933,639,675 ","$952,894,549 ","3,674","3,664","3,658","3,659"
11,,"Agriculture, forestry, fishing and hunting",147,"1,897","1,816","2,008","2,317","2,396","3,116","3,327","3,314","2,892","2,325","1,933","1,919","$106,274,167 ","2,438","$43,591 ",$838 ,"$20,550,096 ","$26,395,011 ","$33,496,752 ","$25,832,308 ",150,150,147,143
,111,Crop production,93,"1,416","1,375","1,545","1,648","1,635","2,187","2,553","2,575","2,400","1,838","1,494","1,490","$81,984,346 ","1,846","$44,412 ",$854 ,"$15,091,876 ","$19,703,618 ","$27,034,756 ","$20,154,096 ",93,95,93,91
,112,Animal production and aquaculture,33,238,237,244,232,249,244,243,230,231,234,229,225,"$10,977,919 ",236,"$46,517 ",$895 ,"$2,486,668 ","$2,874,125 ","$2,706,594 ","$2,910,532 ",35,33,33,32
,113,Forestry and logging,*,*,*,*,*,*,*,*,*,*,*,*,*,*,*,*,*,*,*,*,*,*,*,*,*
,114,"Fishing, hunting and trapping",*,*,*,*,*,*,*,*,*,*,*,*,*,*,*,*,*,*,*,*,*,*,*,*,*
,115,Support activities for agriculture and forestry,13,169,132,144,362,431,608,451,433,189,183,144,140,"$8,335,284 ",282,"$29,558 ",$568 ,"$1,737,354 ","$2,546,609 ","$2,394,013 ","$1,657,308 ",14,14,13,12
,,Other industries,8,74,72,75,75,81,77,80,76,72,70,66,64,"$4,976,618 ",74,"$67,252 ","$1,293 ","$1,234,198 ","$1,270,659 ","$1,361,389 ","$1,110,372 ",8,8,8,8
21,,Mining,5,44,46,45,45,43,44,43,43,43,41,40,42,"$2,961,511 ",43,"$68,872 ","$1,324 ","$764,332 ","$699,839 ","$770,723 ","$726,617 ",5,5,5,5
,211,Oil and gas extraction,0,0,0,0,0,0,0,0,0,0,0,0,0,$0 ,0,$0 ,$0 ,$0 ,$0 ,$0 ,$0 ,0,0,0,0
,212,Mining (except oil and gas),5,44,46,45,45,43,44,43,43,43,41,40,42,"$2,961,511 ",43,"$68,872 ","$1,324 ","$764,332 ","$699,839 ","$770,723 ","$726,617 ",5,5,5,5
,213,Support activities for mining,0,0,0,0,0,0,0,0,0,0,0,0,0,$0 ,0,$0 ,$0 ,$0 ,$0 ,$0 ,$0 ,0,0,0,0
,,Other industries,0,0,0,0,0,0,0,0,0,0,0,0,0,$0 ,0,$0 ,$0 ,$0 ,$0 ,$0 ,$0 ,0,0,0,0
22,,Utilities,11,252,253,250,262,265,266,268,267,262,261,262,263,"$36,930,970 ",261,"$141,498 ","$2,721 ","$10,097,166 ","$8,953,260 ","$8,483,548 ","$9,396,996 ",11,11,11,11
,221,Utilities,11,252,253,250,262,265,266,268,267,262,261,262,263,"$36,930,970 ",261,"$141,498 ","$2,721 ","$10,097,166 ","$8,953,260 ","$8,483,548 ","$9,396,996 ",11,11,11,11
,,Other industries,0,0,0,0,0,0,0,0,0,0,0,0,0,$0 ,0,$0 ,$0 ,$0 ,$0 ,$0 ,$0 ,0,0,0,0
23,,Construction,563,"4,384","4,293","4,408","4,529","4,445","4,440","4,448","4,446","4,379","4,353","4,247","4,094","$406,203,059 ","4,372","$92,910 ","$1,787 ","$93,486,190 ","$104,703,623 ","$102,000,697 ","$106,012,549 ",570,564,563,558
,236,Construction of buildings,182,"1,325","1,306","1,316","1,320","1,250","1,257","1,270","1,253","1,245","1,230","1,234","1,181","$108,312,569 ","1,266","$85,555 ","$1,645 ","$26,532,190 ","$28,808,758 ","$25,798,950 ","$27,172,671 ",186,182,183,180
,237,Heavy and civil engineering construction,28,490,473,495,513,529,552,604,623,613,561,520,493,"$61,501,644 ",539,"$114,103 ","$2,194 ","$12,025,270 ","$13,939,804 ","$18,933,139 ","$16,603,431 ",30,29,28,28
,238,Specialty trade contractors,352,"2,569","2,514","2,597","2,696","2,666","2,631","2,574","2,570","2,521","2,562","2,493","2,420","$236,388,846 ","2,568","$92,052 ","$1,770 ","$54,928,730 ","$61,955,061 ","$57,268,608 ","$62,236,447 ",354,353,352,350
,,Other industries,0,0,0,0,0,0,0,0,0,0,0,0,0,$0 ,0,$0 ,$0 ,$0 ,$0 ,$0 ,$0 ,0,0,0,0
31-33,,Manufacturing,175,"6,347","6,348","6,345","6,383","6,427","6,577","6,720","6,667","6,570","6,522","6,521","6,556","$543,454,444 ","6,499","$83,621 ","$1,608 ","$130,409,544 ","$139,378,215 ","$133,296,138 ","$140,370,547 ",174,175,177,177
,311,Food manufacturing,39,"1,309","1,307","1,316","1,339","1,376","1,507","1,630","1,597","1,520","1,455","1,433","1,379","$80,513,780 ","1,431","$56,264 ","$1,082 ","$18,061,234 ","$21,024,059 ","$20,805,112 ","$20,623,375 ",38,39,40,39
,312,Beverage and tobacco product manufacturing,14,128,137,138,148,154,157,157,159,157,146,137,134,"$5,306,661 ",146,"$36,347 ",$699 ,"$1,125,007 ","$1,359,767 ","$1,545,844 ","$1,276,043 ",15,15,14,15
,313,Textile mills,*,*,*,*,*,*,*,*,*,*,*,*,*,*,*,*,*,*,*,*,*,*,*,*,*
,314,Textile product mills,*,*,*,*,*,*,*,*,*,*,*,*,*,*,*,*,*,*,*,*,*,*,*,*,*
,315,Apparel manufacturing,0,0,0,0,0,0,0,0,0,0,0,0,0,$0 ,0,$0 ,$0 ,$0 ,$0 ,$0 ,$0 ,0,0,0,0
,316,Leather and allied product manufacturing,0,0,0,0,0,0,0,0,0,0,0,0,0,$0 ,0,$0 ,$0 ,$0 ,$0 ,$0 ,$0 ,0,0,0,0
,321,Wood product manufacturing,11,825,812,812,809,810,810,798,778,781,775,765,768,"$62,465,411 ",795,"$78,573 ","$1,511 ","$15,777,398 ","$14,859,284 ","$15,674,891 ","$16,153,838 ",11,11,11,11
,322,Paper manufacturing,0,0,0,0,0,0,0,0,0,0,0,0,0,$0 ,0,$0 ,$0 ,$0 ,$0 ,$0 ,$0 ,0,0,0,0
,323,Printing and related support activities,*,*,*,*,*,*,*,*,*,*,*,*,*,*,*,*,*,*,*,*,*,*,*,*,*
,324,Petroleum and coal products manufacturing,*,*,*,*,*,*,*,*,*,*,*,*,*,*,*,*,*,*,*,*,*,*,*,*,*
,325,Chemical manufacturing,4,65,64,64,65,67,67,67,64,63,61,64,63,"$8,215,864 ",65,"$126,398 ","$2,431 ","$2,426,860 ","$1,951,393 ","$2,044,561 ","$1,793,050 ",4,4,4,4
,326,Plastics and rubber products manufacturing,*,*,*,*,*,*,*,*,*,*,*,*,*,*,*,*,*,*,*,*,*,*,*,*,*
,327,Nonmetallic mineral product manufacturing,6,119,120,122,125,126,123,123,125,126,124,124,123,"$11,247,085 ",123,"$91,440 ","$1,758 ","$2,749,431 ","$2,606,341 ","$2,994,697 ","$2,896,616 ",6,6,6,6
,331,Primary metal manufacturing,*,*,*,*,*,*,*,*,*,*,*,*,*,*,*,*,*,*,*,*,*,*,*,*,*
,332,Fabricated metal product manufacturing,18,456,465,466,471,484,490,493,512,518,519,546,571,"$42,139,554 ",499,"$84,448 ","$1,624 ","$9,217,587 ","$10,493,338 ","$10,107,406 ","$12,321,223 ",20,19,18,18
,333,Machinery manufacturing,8,"1,973","1,995","1,985","1,982","1,985","1,998","2,019","2,009","1,993",*,*,*,"$138,062,410 ","1,495","$92,349 ","$1,776 ","$47,407,285 ","$41,977,584 ","$48,677,541 ",*,8,8,8,*
,334,Computer and electronic product manufacturing,7,92,92,88,89,93,92,90,90,92,90,91,89,"$7,851,171 ",91,"$86,277 ","$1,659 ","$2,010,718 ","$1,832,062 ","$1,947,743 ","$2,060,648 ",7,7,7,7
,335,"Electrical equipment, appliance, and component mfg.",*,*,*,*,*,*,*,*,*,*,*,*,*,*,*,*,*,*,*,*,*,*,*,*,*
,336,Transportation equipment manufacturing,20,788,764,761,763,744,746,748,740,725,726,713,709,"$63,074,875 ",744,"$84,778 ","$1,630 ","$15,171,603 ","$15,773,383 ","$14,761,506 ","$17,368,383 ",22,20,20,20
,337,Furniture and related product manufacturing,8,90,91,92,93,95,98,99,99,95,92,90,90,"$5,446,955 ",94,"$57,946 ","$1,114 ","$1,203,008 ","$1,352,280 ","$1,401,552 ","$1,490,115 ",8,8,8,8
,339,Miscellaneous manufacturing,18,108,107,106,107,104,103,107,107,109,108,108,109,"$7,846,825 ",107,"$73,335 ","$1,410 ","$1,814,531 ","$1,926,489 ","$1,962,826 ","$2,142,979 ",17,18,19,19
,,Other industries,22,394,394,395,392,389,386,389,387,391,"2,426","2,450","2,521","$111,283,853 ",910,"$122,290 ","$2,352 ","$13,444,882 ","$24,222,235 ","$11,372,459 ","$62,244,277 ",18,20,22,30
42,,Wholesale trade,150,"1,220","1,364","1,317","1,239","1,252","1,346","1,446","1,468","1,668","1,535","1,319","1,389","$122,766,715 ","1,380","$88,961 ","$1,711 ","$30,823,360 ","$30,496,236 ","$29,952,843 ","$31,494,276 ",147,149,151,153
,423,"Merchant wholesalers, durable goods",73,591,587,579,579,581,595,593,600,601,613,617,621,"$52,161,433 ",596,"$87,519 ","$1,683 ","$13,931,561 ","$11,948,376 ","$12,918,965 ","$13,362,531 ",70,73,74,75
,424,"Merchant wholesalers, nondurable goods",57,574,723,683,607,616,695,799,815,"1,014",866,646,712,"$62,786,625 ",729,"$86,127 ","$1,656 ","$14,801,879 ","$16,463,187 ","$15,285,712 ","$16,235,847 ",57,56,58,59
,425,Wholesale trade agents and brokers,19,55,54,55,53,55,56,54,53,53,56,56,56,"$7,818,657 ",55,"$142,157 ","$2,734 ","$2,089,920 ","$2,084,673 ","$1,748,166 ","$1,895,898 ",20,20,19,19
,,Other industries,0,0,0,0,0,0,0,0,0,0,0,0,0,$0 ,0,$0 ,$0 ,$0 ,$0 ,$0 ,$0 ,0,0,0,0
44-45,,Retail trade,403,"6,594","6,526","6,524","6,688","6,717","6,597","6,527","6,492","6,492","6,513","6,569","6,582","$297,778,326 ","6,568","$45,338 ",$872 ,"$71,896,000 ","$74,187,166 ","$75,072,562 ","$76,622,598 ",409,404,398,402
,441,Motor vehicle and parts dealers,52,"1,164","1,164","1,128","1,156","1,168","1,150","1,143","1,134","1,088","1,108","1,103","1,079","$80,381,776 ","1,132","$71,009 ","$1,366 ","$19,050,498 ","$21,053,867 ","$20,588,396 ","$19,689,015 ",53,53,53,52
,444,Building material and garden equipment and supplies dealers,40,740,744,772,880,875,805,793,779,771,761,742,737,"$32,628,511 ",783,"$41,671 ",$801 ,"$7,580,167 ","$8,638,422 ","$8,268,476 ","$8,141,446 ",40,40,40,40
,445,Food and beverage retailer,60,"1,256","1,257","1,271","1,266","1,283","1,295","1,288","1,279","1,277","1,232","1,208","1,199","$47,562,370 ","1,259","$37,778 ",$727 ,"$11,652,328 ","$11,863,838 ","$12,292,973 ","$11,753,231 ",61,60,59,61
,449,"Furniture, home furnishings, electronics, and appliances retailers",31,316,311,321,315,320,317,291,305,301,316,316,327,"$20,173,858 ",313,"$64,453 ","$1,239 ","$4,973,926 ","$4,867,889 ","$5,206,230 ","$5,125,813 ",34,32,31,29
,455,General merchandise retailers,9,"1,399","1,365","1,365","1,382","1,358","1,327","1,332","1,335","1,360","1,394","1,450","1,473","$60,141,394 ","1,378","$43,644 ",$839 ,"$14,831,730 ","$14,181,282 ","$14,397,284 ","$16,731,098 ",10,10,9,9
,456,Health and personal care retailers,22,269,259,252,256,250,246,235,226,227,228,227,222,"$11,469,514 ",241,"$47,591 ",$915 ,"$2,862,059 ","$2,851,237 ","$2,751,648 ","$3,004,570 ",21,22,22,24
,457,Gasoline stations and fuel dealers,44,302,301,300,325,320,320,324,310,316,313,304,303,"$10,159,119 ",312,"$32,561 ",$626 ,"$2,369,288 ","$2,357,323 ","$2,662,088 ","$2,770,420 ",43,43,44,46
,458,"Clothing, Clothing accessories, shoe, and jewelry retailers",36,305,300,287,276,286,287,288,293,297,297,313,328,"$9,769,151 ",296,"$33,004 ",$635 ,"$2,461,081 ","$2,170,049 ","$2,512,204 ","$2,625,817 ",37,37,35,37
,459,"Sporting goods, hobby, musical instrument, book, and miscellaneous retailers",106,843,825,828,832,857,850,833,831,855,864,906,914,"$25,492,633 ",853,"$29,886 ",$575 ,"$6,114,923 ","$6,203,259 ","$6,393,263 ","$6,781,188 ",110,107,105,104
,,Other industries,0,0,0,0,0,0,0,0,0,0,0,0,0,$0 ,0,$0 ,$0 ,$0 ,$0 ,$0 ,$0 ,0,0,0,0
48-49,,Transportation and warehousing,92,"1,463","1,453","1,453","1,457","1,512","1,488","1,456","1,468","1,465","1,453","1,503","1,555","$93,562,577 ","1,477","$63,346 ","$1,218 ","$21,973,275 ","$23,426,794 ","$22,924,494 ","$25,238,014 ",96,95,91,88
,481,Air transportation,*,*,*,*,*,*,*,*,*,*,*,*,*,*,*,*,*,*,*,*,*,*,*,*,*
,482,Rail transportation,0,0,0,0,0,0,0,0,0,0,0,0,0,$0 ,0,$0 ,$0 ,$0 ,$0 ,$0 ,$0 ,0,0,0,0
,483,Water transportation,*,*,*,*,*,*,*,*,*,*,*,*,*,*,*,*,*,*,*,*,*,*,*,*,*
,484,Truck transportation,39,491,478,473,469,449,450,457,454,463,430,433,463,"$36,109,347 ",459,"$78,670 ","$1,513 ","$8,903,847 ","$8,777,781 ","$9,043,418 ","$9,384,301 ",39,41,39,39
,485,Transit and ground passenger transportation,*,*,*,*,*,*,*,*,*,*,*,*,*,*,*,*,*,*,*,*,*,*,*,*,*
,486,Pipeline transportation,*,*,*,*,*,*,*,*,*,*,*,*,*,*,*,*,*,*,*,*,*,*,*,*,*
,487,Scenic and sightseeing transportation,*,*,*,*,*,*,*,*,*,*,*,*,*,*,*,*,*,*,*,*,*,*,*,*,*
,488,Support activities for transportation,20,202,210,217,210,236,200,192,205,201,200,198,179,"$17,280,462 ",204,"$84,708 ","$1,629 ","$4,750,462 ","$4,448,255 ","$4,191,128 ","$3,890,617 ",21,22,21,19
,491,Postal service,0,0,0,0,0,0,0,0,0,0,0,0,0,$0 ,0,$0 ,$0 ,$0 ,$0 ,$0 ,$0 ,0,0,0,0
,492,Couriers and messengers,13,478,478,485,490,517,526,484,493,490,513,563,602,"$22,170,887 ",510,"$43,472 ",$836 ,"$4,789,445 ","$5,221,154 ","$5,455,034 ","$6,705,254 ",15,13,12,12
,493,Warehousing and storage,*,*,*,*,*,*,*,*,*,*,*,*,*,*,*,*,*,*,*,*,*,*,*,*,*
,,Other industries,19,292,287,278,288,310,312,323,316,311,310,309,311,"$18,001,881 ",304,"$59,217 ","$1,139 ","$3,529,521 ","$4,979,604 ","$4,234,914 ","$5,257,842 ",21,19,19,18
51,,Information,50,253,254,248,249,250,254,264,269,260,268,267,273,"$24,875,073 ",259,"$96,043 ","$1,847 ","$6,147,924 ","$6,191,640 ","$6,298,824 ","$6,236,685 ",48,49,51,53
,512,Motion picture and sound recording industries,7,52,52,49,49,49,51,50,57,51,54,51,52,"$1,701,561 ",51,"$33,364 ",$642 ,"$506,568 ","$402,919 ","$397,385 ","$394,689 ",7,7,7,7
,513,Publishing industries,20,83,81,81,78,76,76,84,83,81,86,89,89,"$7,117,211 ",82,"$86,795 ","$1,669 ","$1,691,258 ","$1,664,547 ","$1,542,387 ","$2,219,019 ",19,20,21,22
,516,Broadcasting and content providers,3,31,33,31,35,36,36,37,35,34,35,32,37,"$5,551,560 ",34,"$163,281 ","$3,140 ","$1,276,559 ","$1,420,584 ","$1,404,060 ","$1,450,357 ",3,3,3,3
,517,Telecommunications,*,*,*,*,*,*,*,*,*,*,*,*,*,*,*,*,*,*,*,*,*,*,*,*,*
,518,"Computing infrastructure providers, data processing, web hosting, and related services",7,37,38,37,38,37,40,39,43,40,41,43,43,"$5,897,069 ",40,"$147,427 ","$2,835 ","$1,507,211 ","$1,613,100 ","$1,399,222 ","$1,377,536 ",7,7,7,7
,519,"Web serarch portals, libraries, archives, and other information services",*,*,*,*,*,*,*,*,*,*,*,*,*,*,*,*,*,*,*,*,*,*,*,*,*
,,Other industries,12,50,50,50,49,52,51,54,51,54,52,52,52,"$4,607,672 ",51,"$90,347 ","$1,737 ","$1,166,328 ","$1,090,490 ","$1,555,770 ","$795,084 ",12,12,13,14
52,,Finance and insurance,121,"1,474","1,477","1,471","1,458","1,464","1,441","1,407","1,411","1,398","1,414","1,420","1,428","$135,929,914 ","1,439","$94,461 ","$1,817 ","$40,739,187 ","$30,636,855 ","$32,063,131 ","$32,490,741 ",122,125,121,118
,521,Monetary authorities - central bank,0,0,0,0,0,0,0,0,0,0,0,0,0,$0 ,0,$0 ,$0 ,$0 ,$0 ,$0 ,$0 ,0,0,0,0
,522,Credit intermediation and related activities,37,566,575,570,576,583,571,574,573,564,572,574,582,"$56,785,878 ",573,"$99,103 ","$1,906 ","$14,748,946 ","$13,797,207 ","$15,122,952 ","$13,116,773 ",36,37,39,37
,523,"Securities, commodity contracts, other financial investments and related activities",*,*,*,*,*,*,*,*,*,*,*,*,*,*,*,*,*,*,*,*,*,*,*,*,*
,524,Insurance carriers and related activities,55,811,808,809,786,785,773,745,746,744,746,750,744,"$64,680,284 ",771,"$83,891 ","$1,613 ","$21,390,600 ","$13,677,398 ","$13,879,406 ","$15,732,880 ",58,57,53,53
,525,"Funds, trusts, and other financial vehicles",*,*,*,*,*,*,*,*,*,*,*,*,*,*,*,*,*,*,*,*,*,*,*,*,*
,,Other industries,29,97,94,92,96,96,97,88,92,90,96,96,102,"$14,463,752 ",95,"$152,250 ","$2,928 ","$4,599,641 ","$3,162,250 ","$3,060,773 ","$3,641,088 ",28,31,29,28
53,,Real estate and rental and leasing,107,446,460,471,527,549,604,587,578,561,552,534,526,"$28,434,887 ",533,"$53,349 ","$1,026 ","$6,311,408 ","$6,960,861 ","$7,455,142 ","$7,707,476 ",106,107,108,108
,531,Real estate,90,268,283,288,309,305,350,332,334,331,344,329,330,"$14,851,707 ",317,"$46,851 ",$901 ,"$3,344,929 ","$3,467,229 ","$3,819,100 ","$4,220,449 ",90,90,91,91
,532,Rental and leasing services,16,178,177,183,218,244,254,255,244,230,208,205,196,"$13,583,180 ",216,"$62,885 ","$1,209 ","$2,966,479 ","$3,493,632 ","$3,636,042 ","$3,487,027 ",16,17,17,17
,533,Lessors of nonfinancial intangible assets (except copyrighted works),0,0,0,0,0,0,0,0,0,0,0,0,0,$0 ,0,$0 ,$0 ,$0 ,$0 ,$0 ,$0 ,0,0,0,0
,,Other industries,0,0,0,0,0,0,0,0,0,0,0,0,0,$0 ,0,$0 ,$0 ,$0 ,$0 ,$0 ,$0 ,0,0,0,0
54,,"Professional, scientific, and technical services",357,"1,897","1,923","1,911","1,926","1,892","1,878","1,863","1,859","1,862","1,821","1,837","1,844","$187,748,337 ","1,876","$100,079 ","$1,925 ","$47,633,749 ","$47,307,707 ","$45,207,792 ","$47,599,089 ",361,354,355,358
,541,"Professional, scientific, and technical services",357,"1,897","1,923","1,911","1,926","1,892","1,878","1,863","1,859","1,862","1,821","1,837","1,844","$187,748,337 ","1,876","$100,079 ","$1,925 ","$47,633,749 ","$47,307,707 ","$45,207,792 ","$47,599,089 ",361,354,355,358
,,Other industries,0,0,0,0,0,0,0,0,0,0,0,0,0,$0 ,0,$0 ,$0 ,$0 ,$0 ,$0 ,$0 ,0,0,0,0
55,,Management of companies and enterprises,9,86,85,85,85,84,85,85,85,85,83,83,82,"$8,736,756 ",84,"$104,009 ","$2,000 ","$2,512,026 ","$2,018,673 ","$2,109,273 ","$2,096,784 ",9,9,9,9
,551,Management of companies and enterprises,9,86,85,85,85,84,85,85,85,85,83,83,82,"$8,736,756 ",84,"$104,009 ","$2,000 ","$2,512,026 ","$2,018,673 ","$2,109,273 ","$2,096,784 ",9,9,9,9
,,Other industries,0,0,0,0,0,0,0,0,0,0,0,0,0,$0 ,0,$0 ,$0 ,$0 ,$0 ,$0 ,$0 ,0,0,0,0
56,,Administrative and waste services,224,"1,394","1,386","1,468","1,480","1,464","1,448","1,418","1,387","1,385","1,387","1,383","1,376","$76,055,007 ","1,415","$53,749 ","$1,034 ","$18,511,126 ","$20,758,977 ","$18,333,616 ","$18,451,288 ",228,225,224,220
,561,Administrative and support services,210,"1,278","1,273","1,353","1,363","1,346","1,332","1,303","1,271","1,271","1,270","1,261","1,254","$64,571,936 ","1,298","$49,747 ",$957 ,"$15,681,583 ","$17,923,529 ","$15,463,669 ","$15,503,155 ",214,210,210,206
,562,Waste management and remediation services,14,116,113,115,117,118,116,115,116,114,117,122,122,"$11,483,071 ",117,"$98,146 ","$1,887 ","$2,829,543 ","$2,835,448 ","$2,869,947 ","$2,948,133 ",14,15,14,14
,,Other industries,0,0,0,0,0,0,0,0,0,0,0,0,0,$0 ,0,$0 ,$0 ,$0 ,$0 ,$0 ,$0 ,0,0,0,0
61,,Educational services,62,438,482,486,438,465,492,458,420,411,437,446,420,"$20,475,825 ",449,"$45,603 ",$877 ,"$4,758,980 ","$5,249,665 ","$5,128,014 ","$5,339,166 ",64,61,61,63
,611,Educational services,62,438,482,486,438,465,492,458,420,411,437,446,420,"$20,475,825 ",449,"$45,603 ",$877 ,"$4,758,980 ","$5,249,665 ","$5,128,014 ","$5,339,166 ",64,61,61,63
,,Other industries,0,0,0,0,0,0,0,0,0,0,0,0,0,$0 ,0,$0 ,$0 ,$0 ,$0 ,$0 ,$0 ,0,0,0,0
62,,Healthcare and social assistance,343,"5,440","5,437","5,443","5,481","5,484","5,502","5,447","5,485","5,478","5,518","5,556","5,548","$323,229,602 ","5,485","$58,930 ","$1,133 ","$77,756,357 ","$81,345,252 ","$80,444,233 ","$83,683,760 ",342,341,342,348
,621,Ambulatory healthcare services,167,"1,770","1,761","1,753","1,754","1,760","1,759","1,770","1,800","1,796","1,736","1,745","1,723","$116,455,558 ","1,761","$66,130 ","$1,272 ","$27,638,506 ","$30,186,635 ","$28,495,714 ","$30,134,703 ",168,167,167,168
,622,Hospitals,*,*,*,*,*,*,*,*,*,*,*,*,*,*,*,*,*,*,*,*,*,*,*,*,*
,623,Nursing and residential care facilities,*,*,*,*,*,*,*,*,*,*,*,*,*,*,*,*,*,*,*,*,*,*,*,*,*
,624,Social assistance,136,"2,042","2,046","2,033","2,055","2,053","2,052","2,053","2,085","2,078","2,114","2,116","2,137","$98,853,826 ","2,072","$47,709 ",$917 ,"$23,459,336 ","$24,549,395 ","$25,018,451 ","$25,826,644 ",134,134,138,140
,,Other industries,39,"1,628","1,630","1,657","1,672","1,671","1,691","1,624","1,600","1,604","1,668","1,695","1,688","$107,920,218 ","1,652","$65,327 ","$1,256 ","$26,658,515 ","$26,609,222 ","$26,930,068 ","$27,722,413 ",40,40,37,40
71,,"Arts, entertainment, and recreation",63,500,493,518,583,698,760,750,730,699,549,515,517,"$19,217,491 ",609,"$31,556 ",$607 ,"$3,979,899 ","$4,843,694 ","$5,752,765 ","$4,641,133 ",60,63,65,65
,711,"Performing arts, spectator sports, and related industries",12,49,50,55,54,52,58,57,56,54,58,57,54,"$1,703,610 ",55,"$30,975 ",$596 ,"$373,988 ","$397,403 ","$460,163 ","$472,056 ",12,13,13,13
,712,"Museums, historical sites, and similar institutions",10,66,64,62,66,68,85,90,91,88,70,68,72,"$2,826,104 ",74,"$38,191 ",$734 ,"$574,567 ","$628,824 ","$905,109 ","$717,604 ",10,10,10,10
,713,"Amusement, gambling, and recreation industries",40,385,379,401,463,578,617,603,583,557,421,390,391,"$14,687,777 ",481,"$30,536 ",$587 ,"$3,031,344 ","$3,817,467 ","$4,387,493 ","$3,451,473 ",38,40,42,42
,,Other industries,0,0,0,0,0,0,0,0,0,0,0,0,0,$0 ,0,$0 ,$0 ,$0 ,$0 ,$0 ,$0 ,0,0,0,0
72,,Accommodation and food services,349,"4,218","4,237","4,352","4,448","4,588","4,770","4,682","4,705","4,551","4,398","4,330","4,237","$139,978,019 ","4,460","$31,385 ",$604 ,"$31,639,276 ","$36,018,145 ","$38,721,827 ","$33,598,771 ",351,347,349,351
,721,Accommodation,52,405,403,414,465,514,589,586,595,548,511,487,433,"$16,838,067 ",496,"$33,948 ",$653 ,"$3,302,200 ","$4,349,357 ","$5,181,506 ","$4,005,004 ",52,53,53,52
,722,Food services and drinking places,297,"3,813","3,834","3,938","3,983","4,074","4,181","4,096","4,110","4,003","3,887","3,843","3,804","$123,139,952 ","3,964","$31,065 ",$597 ,"$28,337,076 ","$31,668,788 ","$33,540,321 ","$29,593,767 ",299,294,296,299
,,Other industries,0,0,0,0,0,0,0,0,0,0,0,0,0,$0 ,0,$0 ,$0 ,$0 ,$0 ,$0 ,$0 ,0,0,0,0
81,,"Other services, except public administration",313,"1,699","1,718","1,735","1,723","1,732","1,785","1,825","1,784","1,748","1,720","1,698","1,721","$89,949,833 ","1,741","$51,666 ",$994 ,"$20,649,088 ","$24,054,000 ","$22,622,862 ","$22,623,883 ",308,315,315,314
,811,Repair and maintenance,110,695,700,705,690,696,672,697,694,700,675,665,676,"$48,729,392 ",689,"$70,725 ","$1,360 ","$10,993,659 ","$13,911,702 ","$11,642,086 ","$12,181,945 ",113,112,108,108
,812,Personal and laundry services,76,364,367,371,375,372,384,385,379,382,384,389,397,"$13,262,078 ",379,"$34,992 ",$673 ,"$3,003,240 ","$3,255,220 ","$3,547,728 ","$3,455,890 ",74,77,78,76
,813,"Religious, grantmaking, civic, professional, and similar organizations",85,607,617,625,623,629,692,711,678,633,628,610,614,"$26,865,558 ",639,"$42,043 ",$809 ,"$6,386,949 ","$6,591,135 ","$7,168,604 ","$6,718,870 ",80,85,87,89
,814,Private households,41,33,34,34,35,35,37,32,33,33,33,34,34,"$1,092,805 ",34,"$32,141 ",$618 ,"$265,240 ","$295,943 ","$264,444 ","$267,178 ",41,41,42,41
,,Other industries,0,0,0,0,0,0,0,0,0,0,0,0,0,$0 ,0,$0 ,$0 ,$0 ,$0 ,$0 ,$0 ,0,0,0,0
GOV,,GOVERNMENT,114,"12,658","12,680","12,818","12,870","12,943","12,979","12,770","12,346","12,416","12,794","12,955","12,883","$1,062,322,615 ","12,759","$83,261 ","$1,601 ","$257,683,151 ","$268,403,157 ","$263,504,439 ","$272,731,868 ",113,115,115,115
,,Federal Government,11,331,328,361,368,404,409,414,411,409,359,356,364,"$32,217,687 ",376,"$85,685 ","$1,648 ","$7,149,941 ","$7,903,423 ","$9,637,951 ","$7,526,372 ",11,11,11,11
,,State Government,35,"1,298","1,295","1,318","1,370","1,372","1,400","1,283","1,238","1,391","1,380","1,346","1,333","$106,722,648 ","1,335","$79,942 ","$1,537 ","$25,516,242 ","$28,287,928 ","$25,932,293 ","$26,986,185 ",34,36,36,36
,,Local Government,68,"11,029","11,057","11,139","11,132","11,167","11,170","11,073","10,697","10,616","11,055","11,253","11,186","$923,382,280 ","11,048","$83,579 ","$1,607 ","$225,016,968 ","$232,211,806 ","$227,934,195 ","$238,219,311 ",68,68,68,68
NEC,,NOT ELSEWHERE CLASSIFIED,0,0,0,0,0,0,0,0,0,0,0,0,0,$0 ,0,$0 ,$0 ,$0 ,$0 ,$0 ,$0 ,0,0,0,0
,,,,,,,,,,,,,,,,,,,,,,,,,,,
* Employment and wages not shown to avoid disclosure of data for individual employer.,,,,,,,,,,,,,,,,,,,,,,,,,,,
,,,,,,,,,,,,,,,,,,,,,,,,,,,
Back to top,,,,,,,,,,,,,,,,,,,,,,,,,,,
