Covered employment classified by three-digit NAICS industry subsectors,,,,,,,,,,Back to index
Skagit County,,,,,,,,,,
First quarter 2026 preliminary,,,,,,,,,,
Source: Employment Security Department/LMIR,,,,,,,,,,
2-digit NAICS,3-digit NAICS,Industry subsectors,Firms,Jan,Feb,Mar,Total quarterly wages paid,Average employment,Average quarterly wage,Average weekly wage
,,TOTAL,"3,584","52,841","52,947","53,313","$905,353,764 ","53,034","$17,071 ","$1,313 "
11,,"Agriculture, forestry, fishing and hunting",139,"1,853","1,995","2,025","$21,432,898 ","1,958","$10,946 ",$842 
,111,Crop production,90,"1,428","1,570","1,608","$16,119,389 ","1,535","$10,501 ",$808 
,112,Animal production,29,218,219,214,"$2,484,178 ",217,"$11,448 ",$881 
,113,Forestry and logging,*,*,*,*,*,*,*,*
,114,"Fishing, hunting and trapping",*,*,*,*,*,*,*,*
,115,Agriculture and forestry support activities,12,143,140,135,"$1,789,478 ",139,"$12,874 ",$990 
,,Other industries,8,64,66,68,"$1,039,853 ",66,"$15,755 ","$1,212 "
21,,Mining,5,37,38,37,"$597,514 ",37,"$16,149 ","$1,242 "
,211,Oil and gas extraction,0,0,0,0,$0 ,0,$0 ,$0 
,212,"Mining, except oil and gas",5,37,38,37,"$597,514 ",37,"$16,149 ","$1,242 "
,213,Support activities for mining,0,0,0,0,$0 ,0,$0 ,$0 
,,Other industries,0,0,0,0,$0 ,0,$0 ,$0 
22,,Utilities,11,265,268,259,"$11,337,957 ",264,"$42,947 ","$3,304 "
,221,Utilities,11,265,268,259,"$11,337,957 ",264,"$42,947 ","$3,304 "
,,Other industries,0,0,0,0,$0 ,0,$0 ,$0 
23,,Construction,544,"3,900","3,913","3,977","$87,247,500 ","3,930","$22,200 ","$1,708 "
,236,Construction of buildings,176,"1,094","1,070","1,084","$21,749,230 ","1,083","$20,082 ","$1,545 "
,237,Heavy and civil engineering construction,29,482,490,475,"$12,291,470 ",482,"$25,501 ","$1,962 "
,238,Specialty trade contractors,339,"2,324","2,353","2,418","$53,206,800 ","2,365","$22,498 ","$1,731 "
,,Other industries,0,0,0,0,$0 ,0,$0 ,$0 
31-33,,Manufacturing,174,"6,867","6,928","6,925","$145,329,151 ","6,907","$21,041 ","$1,619 "
,311,Food Manufacturing,37,"1,301","1,314","1,330","$19,963,268 ","1,315","$15,181 ","$1,168 "
,312,Beverage and Tobacco Product Manufacturing,16,139,144,144,"$1,257,013 ",142,"$8,852 ",$681 
,313,Textile Mills,*,*,*,*,*,*,*,*
,314,Textile Product Mills,6,62,60,59,"$1,134,985 ",60,"$18,916 ","$1,455 "
,315,Apparel Manufacturing,0,0,0,0,$0 ,0,$0 ,$0 
,316,Leather and Allied Product Manufacturing,0,0,0,0,$0 ,0,$0 ,$0 
,321,Wood Product Manufacturing,11,748,743,743,"$14,323,791 ",745,"$19,227 ","$1,479 "
,322,Paper Manufacturing,0,0,0,0,$0 ,0,$0 ,$0 
,323,Printing and Related Support Activities,8,16,17,16,"$181,709 ",16,"$11,357 ",$874 
,324,Petroleum and Coal Products Manufacturing,*,*,*,*,*,*,*,*
,325,Chemical Manufacturing,3,59,60,60,"$2,542,453 ",60,"$42,374 ","$3,260 "
,326,Plastics and Rubber Products Manufacturing,*,*,*,*,*,*,*,*
,327,Nonmetallic Mineral Product Manufacturing,5,125,124,123,"$2,881,353 ",124,"$23,237 ","$1,787 "
,331,Primary Metal Manufacturing,*,*,*,*,*,*,*,*
,332,Fabricated Metal Product Manufacturing,17,580,589,595,"$12,136,915 ",588,"$20,641 ","$1,588 "
,333,Machinery Manufacturing,*,*,*,*,*,*,*,*
,334,Computer and Electronic Product Manufacturing,*,*,*,*,*,*,*,*
,335,"Electrical Equipment, Appliance, and Component Manufacturing",*,*,*,*,*,*,*,*
,336,Transportation Equipment Manufacturing,18,716,721,708,"$14,655,033 ",715,"$20,497 ","$1,577 "
,337,Furniture and Related Product Manufacturing,8,74,76,74,"$1,095,563 ",75,"$14,608 ","$1,124 "
,339,Miscellaneous Manufacturing,18,107,104,103,"$1,860,984 ",105,"$17,724 ","$1,363 "
,,Other industries,27,"2,940","2,976","2,970","$73,296,084 ","2,962","$24,745 ","$1,903 "
42,,Wholesale trade,151,"1,621","1,546","1,518","$37,213,433 ","1,562","$23,824 ","$1,833 "
,423,"Merchant Wholesalers, Durable Goods",73,632,626,625,"$15,003,526 ",628,"$23,891 ","$1,838 "
,424,"Merchant Wholesalers, Nondurable Goods",59,935,865,840,"$20,122,559 ",880,"$22,867 ","$1,759 "
,425,Wholesale Trade Agents and Brokers,19,54,55,53,"$2,087,348 ",54,"$38,655 ","$2,973 "
,,Other industries,0,0,0,0,$0 ,0,$0 ,$0 
44-45,,Retail trade,397,"6,414","6,289","6,328","$69,063,830 ","6,344","$10,886 ",$837 
,441,Motor Vehicle and Parts Dealers,50,"1,103","1,087","1,047","$18,222,521 ","1,079","$16,888 ","$1,299 "
,444,Building Material and Garden Equipment and Supplies Dealers,40,712,732,774,"$7,725,488 ",739,"$10,454 ",$804 
,445,Food and Beverage Retailers,62,"1,236","1,214","1,247","$10,931,833 ","1,232","$8,873 ",$683 
,449,"Furniture, Home Furnishings, Electronics, and Appliance Retailers",28,310,308,306,"$4,656,627 ",308,"$15,119 ","$1,163 "
,455,General Merchandise Retailers,9,"1,381","1,353","1,346","$13,919,718 ","1,360","$10,235 ",$787 
,456,Health and Personal Care Retailers,21,210,207,208,"$2,391,755 ",208,"$11,499 ",$885 
,457,Gasoline Stations and Fuel Dealers,45,301,288,301,"$2,523,556 ",297,"$8,497 ",$654 
,458,"Clothing, Clothing Accessories, Shoe, and Jewelry Retailers",35,297,283,283,"$2,377,627 ",288,"$8,256 ",$635 
,459,"Sporting Goods, Hobby, Musical Instrument, Book, and Miscellaneous Retailers",107,864,817,816,"$6,314,705 ",832,"$7,590 ",$584 
,,Other industries,0,0,0,0,$0 ,0,$0 ,$0 
48-49,,Transportation and warehousing,86,"1,434","1,394","1,383","$20,657,099 ","1,404","$14,713 ","$1,132 "
,481,Air transportation,3,5,5,5,"$149,312 ",5,"$29,862 ","$2,297 "
,482,Rail transportation,0,0,0,0,$0 ,0,$0 ,$0 
,483,Water transportation,*,*,*,*,*,*,*,*
,484,Truck transportation,38,452,448,443,"$8,275,448 ",448,"$18,472 ","$1,421 "
,485,Transit and ground passenger transportation,*,*,*,*,*,*,*,*
,486,Pipeline transportation,*,*,*,*,*,*,*,*
,487,Scenic and sightseeing transportation,*,*,*,*,*,*,*,*
,488,Support activities for transportation,18,130,134,139,"$2,746,445 ",134,"$20,496 ","$1,577 "
,491,Postal service,0,0,0,0,$0 ,0,$0 ,$0 
,492,Couriers and messengers,12,557,522,508,"$5,803,016 ",529,"$10,970 ",$844 
,493,Warehousing and storage,*,*,*,*,*,*,*,*
,,Other industries,15,290,285,288,"$3,682,878 ",288,"$12,788 ",$984 
51,,Information,52,260,252,253,"$5,789,413 ",255,"$22,704 ","$1,746 "
,512,Motion Picture and Sound Recording Industries,7,54,53,55,"$414,100 ",54,"$7,669 ",$590 
,513,Publishing Industries,22,85,82,84,"$1,862,957 ",84,"$22,178 ","$1,706 "
,516,Broadcasting and Content Providers,*,*,*,*,*,*,*,*
,517,Telecommunications,7,50,47,47,"$1,370,367 ",48,"$28,549 ","$2,196 "
,518,"Computing Infrastructure Providers, Data Processing, Web Hosting, and Related Services",7,44,42,41,"$1,824,391 ",42,"$43,438 ","$3,341 "
,519,"Web Search Portals, Libraries, Archives, and Other Information Services",*,*,*,*,*,*,*,*
,,Other industries,9,27,28,26,"$317,598 ",27,"$11,763 ",$905 
52,,Finance and insurance,118,"1,006","1,011","1,023","$29,432,528 ","1,013","$29,055 ","$2,235 "
,521,Monetary Authorities-Central Bank,0,0,0,0,$0 ,0,$0 ,$0 
,522,Credit Intermediation and Related Activities,36,557,566,570,"$15,035,661 ",564,"$26,659 ","$2,051 "
,523,"Securities, Commodity Contracts, and Other Financial Investments and Related Activities",*,*,*,*,*,*,*,*
,524,Insurance Carriers and Related Activities,53,336,331,335,"$8,068,149 ",334,"$24,156 ","$1,858 "
,525,"Funds, Trusts, and Other Financial Vehicles",*,*,*,*,*,*,*,*
,,Other industries,29,113,114,118,"$6,328,718 ",115,"$55,032 ","$4,233 "
53,,Real estate and rental and leasing,104,497,497,500,"$6,605,065 ",498,"$13,263 ","$1,020 "
,531,Real estate,87,305,303,304,"$3,722,022 ",304,"$12,243 ",$942 
,532,Rental and leasing services,17,192,194,196,"$2,883,043 ",194,"$14,861 ","$1,143 "
,533,Lessors of nonfinancial intangible asset,0,0,0,0,$0 ,0,$0 ,$0 
,,Other industries,0,0,0,0,$0 ,0,$0 ,$0 
54,,"Professional, scientific, and technical services",351,"1,886","1,860","1,858","$47,715,944 ","1,868","$25,544 ","$1,965 "
,541,"Professional, Scientific, and Technical Services",351,"1,886","1,860","1,858","$47,715,944 ","1,868","$25,544 ","$1,965 "
,,Other industries,0,0,0,0,$0 ,0,$0 ,$0 
55,,Management of companies and enterprises,10,85,86,82,"$2,509,073 ",84,"$29,870 ","$2,298 "
,551,Management of companies and enterprises,10,85,86,82,"$2,509,073 ",84,"$29,870 ","$2,298 "
,,Other industries,0,0,0,0,$0 ,0,$0 ,$0 
56,,"Administrative, support, waste management and remediation services",213,"1,318","1,365","1,425","$17,093,412 ","1,369","$12,486 ",$960 
,561,Administrative and Support Services,199,"1,198","1,244","1,304","$14,228,473 ","1,249","$11,392 ",$876 
,562,Waste Management and Remediation Services,14,120,121,121,"$2,864,939 ",121,"$23,677 ","$1,821 "
,,Other industries,0,0,0,0,$0 ,0,$0 ,$0 
61,,Educational services,61,433,450,476,"$5,005,321 ",453,"$11,049 ",$850 
,611,Educational services,61,433,450,476,"$5,005,321 ",453,"$11,049 ",$850 
,,Other industries,0,0,0,0,$0 ,0,$0 ,$0 
62,,Health care and social assistance,321,"5,460","5,493","5,455","$78,846,906 ","5,469","$14,417 ","$1,109 "
,621,Ambulatory health care services,168,"1,678","1,705","1,670","$24,492,366 ","1,684","$14,544 ","$1,119 "
,622,Hospitals,4,470,474,470,"$13,629,403 ",471,"$28,937 ","$2,226 "
,623,Nursing and residential care facilities,35,"1,169","1,158","1,141","$14,470,031 ","1,156","$12,517 ",$963 
,624,Social assistance,114,"2,143","2,156","2,174","$26,255,106 ","2,158","$12,166 ",$936 
,,Other industries,0,0,0,0,$0 ,0,$0 ,$0 
71,,"Arts, entertainment, and recreation",66,492,503,524,"$4,350,709 ",506,"$8,598 ",$661 
,711,"Performing Arts, Spectator Sports, and Related Industries",13,47,51,50,"$418,313 ",49,"$8,537 ",$657 
,712,"Museums, Historical Sites, and Similar Institutions",10,69,70,70,"$670,374 ",70,"$9,577 ",$737 
,713,"Amusement, Gambling, and Recreation Industries",43,376,382,404,"$3,262,022 ",387,"$8,429 ",$648 
,,Other industries,0,0,0,0,$0 ,0,$0 ,$0 
72,,Accommodation and food services,361,"4,405","4,418","4,466","$33,668,573 ","4,430","$7,600 ",$585 
,721,Accommodation,55,494,536,535,"$4,051,517 ",522,"$7,762 ",$597 
,722,Food services and drinking places,306,"3,911","3,882","3,931","$29,617,056 ","3,908","$7,579 ",$583 
,,Other industries,0,0,0,0,$0 ,0,$0 ,$0 
81,,"Other services, except public administration",307,"1,679","1,675","1,710","$21,287,835 ","1,688","$12,611 ",$970 
,811,Repair and Maintenance,106,669,663,685,"$11,280,891 ",672,"$16,787 ","$1,291 "
,812,Personal and Laundry Services,72,343,333,345,"$2,649,487 ",340,"$7,793 ",$599 
,813,"Religious, Grantmaking, Civic, Professional, and Similar Organizations",91,635,644,643,"$7,101,380 ",641,"$11,079 ",$852 
,814,Private Households,38,32,35,37,"$256,077 ",35,"$7,316 ",$563 
,,Other industries,0,0,0,0,$0 ,0,$0 ,$0 
,,GOVERNMENT,113,"12,929","12,966","13,089","$260,169,603 ","12,995","$20,021 ","$1,540 "
,,Federal Government,10,314,319,344,"$7,554,978 ",326,"$23,175 ","$1,783 "
,,State Government,34,"1,339","1,336","1,349","$25,884,966 ","1,341","$19,303 ","$1,485 "
,,Local Government,69,"11,276","11,311","11,396","$226,729,659 ","11,328","$20,015 ","$1,540 "
,,NOT ELSEWHERE CLASSIFIED,0,0,0,0,$0 ,0,$0 ,$0 
,,,,,,,,,,
* Employment and wages not shown to avoid disclosure of data for individual employer.,,,,,,,,,,
,,,,,,,,,,
Back to top,,,,,,,,,,
