"April 1, 2026 Population of Cities, Towns and Counties",,,,,,,,,,
Used for Allocation of Selected State Revenues,,,,,,,,,,
"Office of Financial Management, Forecasting and Research Division",,,,,,,,,,
,,,,,,,,,,
Line,Filter,County,Jurisdiction,2020 Population Census,2021 Population Estimate¹,2022 Population Estimate,2023 Population Estimate,2024 Population Estimate,2025 Population Estimate,2026 Population Estimate
1,1,Adams,Adams County,"20,613","20,900","21,100","21,200","21,475","21,550","22,000"
2,2,Adams,Unincorporated Adams County,"9,472","9,575","9,575","9,585","9,628","9,640","9,730"
3,3,Adams,Incorporated Adams County,"11,141","11,325","11,525","11,615","11,847","11,910","12,270"
4,4,Adams,Hatton,79,80,80,80,167,165,175
5,4,Adams,Lind,535,535,535,535,535,535,535
6,4,Adams,Othello,"8,549","8,725","8,920","9,005","9,145","9,210","9,560"
7,4,Adams,Ritzville,"1,767","1,775","1,780","1,785","1,790","1,790","1,790"
8,4,Adams,Washtucna,211,210,210,210,210,210,210
9,.,.,.,.,.,.,.,.,.,.
10,1,Asotin,Asotin County,"22,285","22,500","22,600","22,650","22,725","22,750","22,950"
11,2,Asotin,Unincorporated Asotin County,"13,920","14,070","14,165","14,205","14,260","14,285","14,375"
12,3,Asotin,Incorporated Asotin County,"8,365","8,430","8,435","8,445","8,465","8,465","8,575"
13,4,Asotin,Asotin,"1,204","1,215","1,220","1,225","1,225","1,225","1,225"
14,4,Asotin,Clarkston,"7,161","7,215","7,215","7,220","7,240","7,240","7,350"
15,.,.,.,.,.,.,.,.,.,.
16,1,Benton,Benton County,"206,873","209,400","212,300","215,500","217,850","219,625","223,200"
17,2,Benton,Unincorporated Benton County,"36,556","36,760","37,445","37,615","37,805","37,980","38,190"
18,3,Benton,Incorporated Benton County,"170,317","172,640","174,855","177,885","180,045","181,645","185,010"
19,4,Benton,Benton City,"3,479","3,500","3,710","3,810","3,845","3,845","3,935"
20,4,Benton,Kennewick,"83,921","84,620","85,320","86,470","87,120","87,790","89,220"
21,4,Benton,Prosser,"6,062","6,130","6,195","6,445","6,610","6,650","6,745"
22,4,Benton,Richland,"60,560","61,320","62,220","63,320","64,190","64,930","66,290"
23,4,Benton,West Richland,"16,295","17,070","17,410","17,840","18,280","18,430","18,820"
24,.,.,.,.,.,.,.,.,.,.
25,1,Chelan,Chelan County,"79,141","80,000","80,650","81,500","82,300","82,900","83,525"
26,2,Chelan,Unincorporated Chelan County,"32,507","33,140","33,460","33,875","34,320","34,545","34,765"
27,3,Chelan,Incorporated Chelan County,"46,634","46,860","47,190","47,625","47,980","48,355","48,760"
28,4,Chelan,Cashmere,"3,248","3,260","3,280","3,355","3,390","3,420","3,435"
29,4,Chelan,Chelan,"4,222","4,320","4,390","4,470","4,580","4,630","4,665"
30,4,Chelan,Entiat,"1,326","1,340","1,355","1,360","1,375","1,520","1,545"
31,4,Chelan,Leavenworth,"2,263","2,390","2,515","2,590","2,595","2,615","2,635"
32,4,Chelan,Wenatchee,"35,575","35,550","35,650","35,850","36,040","36,170","36,480"
33,.,.,.,.,.,.,.,.,.,.
34,1,Clallam,Clallam County,"77,155","77,750","77,625","78,075","78,550","78,650","79,250"
35,2,Clallam,Unincorporated Clallam County,"45,836","46,170","45,850","46,090","46,320","46,375","46,765"
36,3,Clallam,Incorporated Clallam County,"31,319","31,580","31,775","31,985","32,230","32,275","32,485"
37,4,Clallam,Forks,"3,335","3,335","3,360","3,395","3,415","3,425","3,510"
38,4,Clallam,Port Angeles,"19,960","20,120","20,200","20,240","20,410","20,440","20,370"
39,4,Clallam,Sequim,"8,024","8,125","8,215","8,350","8,405","8,410","8,605"
40,.,.,.,.,.,.,.,.,.,.
41,1,Clark,Clark County,"503,311","513,100","520,900","527,400","536,300","542,400","550,000"
42,2,Clark,Unincorporated Clark County,"233,048","236,200","237,650","240,155","243,830","245,750","249,320"
43,3,Clark,Incorporated Clark County,"270,263","276,900","283,250","287,245","292,470","296,650","300,680"
44,4,Clark,Battle Ground,"20,743","21,160","21,780","21,910","22,470","22,790","23,570"
45,4,Clark,Camas,"26,065","26,870","27,250","27,420","27,660","27,970","28,490"
46,4,Clark,La Center,"3,424","3,605","3,835","3,890","4,045","4,270","4,440"
47,4,Clark,Ridgefield,"10,325","11,910","13,640","15,180","15,790","16,290","16,820"
48,4,Clark,Vancouver,"190,915","194,400","197,600","199,600","202,600","205,100","207,000"
49,4,Clark,Washougal,"17,039","17,200","17,390","17,490","18,150","18,360","18,490"
50,4,Clark,Woodland (part),84,85,85,85,85,85,85
51,4,Clark,Yacolt,"1,668","1,670","1,670","1,670","1,670","1,785","1,785"
52,.,.,.,.,.,.,.,.,.,.
53,1,Columbia,Columbia County,"3,952","3,950","3,950","3,950","3,975","3,950","3,925"
54,2,Columbia,Unincorporated Columbia County,"1,385","1,380","1,385","1,385","1,410","1,390","1,375"
55,3,Columbia,Incorporated Columbia County,"2,567","2,570","2,565","2,565","2,565","2,560","2,550"
56,4,Columbia,Dayton,"2,448","2,450","2,445","2,445","2,445","2,440","2,435"
57,4,Columbia,Starbuck,119,120,120,120,120,120,115
58,.,.,.,.,.,.,.,.,.,.
59,1,Cowlitz,Cowlitz County,"110,730","111,500","112,350","113,000","113,900","114,500","114,900"
60,2,Cowlitz,Unincorporated Cowlitz County,"48,339","49,115","49,850","50,105","50,775","51,205","51,360"
61,3,Cowlitz,Incorporated Cowlitz County,"62,391","62,385","62,500","62,895","63,125","63,295","63,540"
62,4,Cowlitz,Castle Rock,"2,446","2,445","2,445","2,460","2,465","2,470","2,475"
63,4,Cowlitz,Kalama,"2,960","3,010","3,065","3,070","3,160","3,165","3,170"
64,4,Cowlitz,Kelso,"12,720","12,720","12,720","12,750","12,780","12,850","12,880"
65,4,Cowlitz,Longview,"37,818","37,750","37,780","38,130","38,230","38,310","38,450"
66,4,Cowlitz,Woodland (part),"6,447","6,460","6,490","6,485","6,490","6,500","6,565"
67,.,.,.,.,.,.,.,.,.,.
68,1,Douglas,Douglas County,"42,938","43,550","44,000","44,500","45,150","45,450","45,850"
69,2,Douglas,Unincorporated Douglas County,"23,700","24,290","24,590","24,890","25,345","25,565","25,925"
70,3,Douglas,Incorporated Douglas County,"19,238","19,260","19,410","19,610","19,805","19,885","19,925"
71,4,Douglas,Bridgeport,"2,141","2,110","2,135","2,155","2,200","2,190","2,195"
72,4,Douglas,Coulee Dam (part),200,200,200,200,200,200,200
73,4,Douglas,East Wenatchee,"14,158","14,180","14,180","14,210","14,240","14,310","14,330"
74,4,Douglas,Mansfield,326,330,330,330,335,335,335
75,4,Douglas,Rock Island,"1,279","1,300","1,425","1,570","1,680","1,695","1,705"
76,4,Douglas,Waterville,"1,134","1,140","1,140","1,145","1,150","1,155","1,160"
77,.,.,.,.,.,.,.,.,.,.
78,1,Ferry,Ferry County,"7,178","7,250","7,300","7,300","7,350","7,350","7,350"
79,2,Ferry,Unincorporated Ferry County,"6,186","6,250","6,300","6,300","6,345","6,350","6,350"
80,3,Ferry,Incorporated Ferry County,992,"1,000","1,000","1,000","1,005","1,000","1,000"
81,4,Ferry,Republic,992,"1,000","1,000","1,000","1,005","1,000","1,000"
82,.,.,.,.,.,.,.,.,.,.
83,1,Franklin,Franklin County,"96,749","98,350","99,750","101,100","102,300","103,250","105,900"
84,2,Franklin,Unincorporated Franklin County,"13,668","13,990","14,195","14,325","14,360","14,535","14,715"
85,3,Franklin,Incorporated Franklin County,"83,081","84,360","85,555","86,775","87,940","88,715","91,185"
86,4,Franklin,Connell,"5,441","5,125","4,840","4,960","5,175","5,180","5,075"
87,4,Franklin,Kahlotus,147,145,145,145,145,145,145
88,4,Franklin,Mesa,385,390,390,390,400,400,405
89,4,Franklin,Pasco,"77,108","78,700","80,180","81,280","82,220","82,990","85,560"
90,.,.,.,.,.,.,.,.,.,.
91,1,Garfield,Garfield County,"2,286","2,300","2,300","2,300","2,325","2,300","2,300"
92,2,Garfield,Unincorporated Garfield County,897,905,905,905,910,905,905
93,3,Garfield,Incorporated Garfield County,"1,389","1,395","1,395","1,395","1,415","1,395","1,395"
94,4,Garfield,Pomeroy,"1,389","1,395","1,395","1,395","1,415","1,395","1,395"
95,.,.,.,.,.,.,.,.,.,.
96,1,Grant,Grant County,"99,123","100,800","101,800","103,300","105,300","106,250","107,500"
97,2,Grant,Unincorporated Grant County,"44,987","45,635","45,860","46,660","47,000","47,235","47,470"
98,3,Grant,Incorporated Grant County,"54,136","55,165","55,940","56,640","58,300","59,015","60,030"
99,4,Grant,Coulee City,549,560,560,560,560,560,560
100,4,Grant,Coulee Dam (part),0,0,0,0,0,0,0
101,4,Grant,Electric City,956,955,960,965,975,975,970
102,4,Grant,Ephrata,"8,477","8,575","8,620","8,690","8,810","8,915","9,025"
103,4,Grant,George,809,815,820,885,900,900,"1,000"
104,4,Grant,Grand Coulee,972,970,965,960,955,950,955
105,4,Grant,Hartline,180,180,180,180,180,180,180
106,4,Grant,Krupp,49,50,50,45,45,45,45
107,4,Grant,Mattawa,"3,335","3,340","3,535","3,575","3,875","3,890","3,935"
108,4,Grant,Moses Lake,"25,146","25,760","26,040","26,210","27,070","27,530","27,960"
109,4,Grant,Quincy,"7,543","7,720","7,830","8,065","8,220","8,330","8,560"
110,4,Grant,Royal City,"1,776","1,855","1,910","1,910","1,960","1,960","1,960"
111,4,Grant,Soap Lake,"1,691","1,695","1,740","1,765","1,795","1,810","1,850"
112,4,Grant,Warden,"2,449","2,485","2,525","2,625","2,750","2,765","2,825"
113,4,Grant,Wilson Creek,204,205,205,205,205,205,205
114,.,.,.,.,.,.,.,.,.,.
115,1,Grays Harbor,Grays Harbor County,"75,636","76,050","76,400","77,000","77,400","77,750","78,150"
116,2,Grays Harbor,Unincorporated Grays Harbor County,"28,993","29,020","29,125","29,370","29,420","29,470","29,515"
117,3,Grays Harbor,Incorporated Grays Harbor County,"46,643","47,030","47,275","47,630","47,980","48,280","48,635"
118,4,Grays Harbor,Aberdeen,"17,013","17,050","17,040","17,080","17,100","17,200","17,240"
119,4,Grays Harbor,Cosmopolis,"1,638","1,655","1,665","1,670","1,680","1,680","1,685"
120,4,Grays Harbor,Elma,"3,438","3,450","3,460","3,480","3,505","3,535","3,540"
121,4,Grays Harbor,Hoquiam,"8,776","8,785","8,785","8,795","8,800","8,810","8,820"
122,4,Grays Harbor,McCleary,"1,997","2,040","2,040","2,120","2,085","2,085","2,085"
123,4,Grays Harbor,Montesano,"4,138","4,145","4,150","4,090","4,135","4,135","4,150"
124,4,Grays Harbor,Oakville,715,710,720,720,720,720,720
125,4,Grays Harbor,Ocean Shores,"6,715","6,965","7,160","7,380","7,630","7,755","7,985"
126,4,Grays Harbor,Westport,"2,213","2,230","2,255","2,295","2,325","2,360","2,410"
127,.,.,.,.,.,.,.,.,.,.
128,1,Island,Island County,"86,857","87,100","87,700","88,150","88,650","88,700","89,000"
129,2,Island,Unincorporated Island County,"59,146","59,310","59,820","60,210","60,540","60,650","60,830"
130,3,Island,Incorporated Island County,"27,711","27,790","27,880","27,940","28,110","28,050","28,170"
131,4,Island,Coupeville,"1,942","1,950","1,965","1,995","2,020","2,030","2,035"
132,4,Island,Langley,"1,147","1,150","1,155","1,165","1,190","1,200","1,205"
133,4,Island,Oak Harbor,"24,622","24,690","24,760","24,780","24,900","24,820","24,930"
134,.,.,.,.,.,.,.,.,.,.
135,1,Jefferson,Jefferson County,"32,977","33,100","33,350","33,425","33,700","33,825","34,100"
136,2,Jefferson,Unincorporated Jefferson County,"22,829","22,880","23,060","23,095","23,170","23,245","23,320"
137,3,Jefferson,Incorporated Jefferson County,"10,148","10,220","10,290","10,330","10,530","10,580","10,780"
138,4,Jefferson,Port Townsend,"10,148","10,220","10,290","10,330","10,530","10,580","10,780"
139,.,.,.,.,.,.,.,.,.,.
140,1,King,King County,"2,269,675","2,287,050","2,317,700","2,347,800","2,378,100","2,411,700","2,424,700"
141,2,King,Unincorporated King County,"246,266","247,385","248,160","249,060","249,575","250,225","250,540"
142,3,King,Incorporated King County,"2,023,409","2,039,665","2,069,540","2,098,740","2,128,525","2,161,475","2,174,160"
143,4,King,Algona,"3,290","3,290","3,300","3,315","3,335","3,335","3,335"
144,4,King,Auburn (part),"77,243","78,040","78,690","78,760","78,890","80,260","80,290"
145,4,King,Beaux Arts Village,317,315,315,315,315,310,310
146,4,King,Bellevue,"151,854","152,600","153,900","154,600","155,000","158,000","158,300"
147,4,King,Black Diamond,"4,697","5,320","6,145","6,880","7,195","7,435","7,550"
148,4,King,Bothell (part),"28,956","28,930","29,210","29,280","30,290","31,340","31,480"
149,4,King,Burien,"52,066","52,430","52,490","52,560","53,000","53,320","53,470"
150,4,King,Carnation,"2,158","2,150","2,160","2,225","2,250","2,320","2,415"
151,4,King,Clyde Hill,"3,126","3,110","3,110","3,115","3,100","3,095","3,100"
152,4,King,Covington,"20,777","20,890","21,200","21,600","22,000","22,160","22,200"
153,4,King,Des Moines,"32,888","33,100","33,160","33,260","33,400","33,540","33,690"
154,4,King,Duvall,"8,034","8,125","8,320","8,530","8,780","8,810","8,910"
155,4,King,Enumclaw (part),"12,543","12,830","12,910","13,090","13,350","13,400","13,440"
156,4,King,Federal Way,"101,030","101,700","101,800","102,000","102,500","102,900","103,000"
157,4,King,Hunts Point,457,455,460,460,460,455,455
158,4,King,Issaquah,"40,051","40,640","40,950","41,290","41,500","41,560","41,590"
159,4,King,Kenmore,"23,914","24,050","24,090","24,230","24,350","24,520","24,600"
160,4,King,Kent,"136,588","137,700","137,900","139,100","140,400","140,100","140,400"
161,4,King,Kirkland,"92,175","92,900","93,570","96,920","96,710","97,850","98,860"
162,4,King,Lake Forest Park,"13,630","13,630","13,620","13,660","13,680","13,700","13,700"
163,4,King,Maple Valley,"28,013","28,640","28,920","29,250","29,320","29,340","29,340"
164,4,King,Medina,"2,915","2,920","2,915","2,925","2,920","2,915","2,915"
165,4,King,Mercer Island,"25,748","25,790","25,780","25,800","25,830","25,850","25,870"
166,4,King,Milton (part),"1,640","1,630","1,630","1,635","1,635","1,640","1,770"
167,4,King,Newcastle,"13,017","13,310","13,560","13,610","13,750","13,880","13,940"
168,4,King,Normandy Park,"6,771","6,785","6,790","6,840","6,855","6,855","6,860"
169,4,King,North Bend,"7,461","7,685","7,915","8,120","8,260","8,590","8,700"
170,4,King,Pacific (part),"7,194","7,215","7,230","7,230","7,230","7,240","7,245"
171,4,King,Redmond,"73,256","73,910","75,270","77,490","80,040","82,380","83,320"
172,4,King,Renton,"106,785","107,100","107,500","107,900","108,800","109,700","109,800"
173,4,King,Sammamish,"67,455","67,940","68,150","68,280","68,410","68,480","68,500"
174,4,King,SeaTac,"31,454","32,000","31,910","31,740","32,710","32,990","33,210"
175,4,King,Seattle,"737,015","742,400","762,500","779,200","797,700","816,600","823,400"
176,4,King,Shoreline,"58,608","59,260","60,320","61,120","61,910","63,740","64,710"
177,4,King,Skykomish,161,160,165,165,165,165,165
178,4,King,Snoqualmie,"14,121","14,490","14,490","14,500","14,520","14,550","14,550"
179,4,King,Tukwila,"21,798","22,000","22,620","22,780","22,930","22,960","23,290"
180,4,King,Woodinville,"13,069","13,100","13,450","13,830","13,900","14,060","14,350"
181,4,King,Yarrow Point,"1,134","1,125","1,125","1,135","1,135","1,130","1,130"
182,.,.,.,.,.,.,.,.,.,.
183,1,Kitsap,Kitsap County,"275,611","277,700","280,900","283,200","286,100","288,900","291,800"
184,2,Kitsap,Unincorporated Kitsap County,"179,719","180,840","182,040","183,500","184,070","185,110","185,830"
185,3,Kitsap,Incorporated Kitsap County,"95,892","96,860","98,860","99,700","102,030","103,790","105,970"
186,4,Kitsap,Bainbridge Island,"24,825","24,930","25,060","25,180","25,330","25,530","25,650"
187,4,Kitsap,Bremerton,"43,505","43,970","45,220","44,640","45,390","45,890","46,310"
188,4,Kitsap,Port Orchard,"15,587","15,960","16,400","17,480","18,300","19,260","20,500"
189,4,Kitsap,Poulsbo,"11,975","12,000","12,180","12,400","13,010","13,110","13,510"
190,.,.,.,.,.,.,.,.,.,.
191,1,Kittitas,Kittitas County,"46,468","45,225","47,200","47,300","48,600","48,950","49,250"
192,2,Kittitas,Unincorporated Kittitas County,"20,567","20,530","21,045","21,180","22,385","22,405","22,445"
193,3,Kittitas,Incorporated Kittitas County,"25,901","24,695","26,155","26,120","26,215","26,545","26,805"
194,4,Kittitas,Cle Elum,"2,157","2,210","2,250","2,255","2,265","2,300","2,315"
195,4,Kittitas,Ellensburg,"20,797","19,530","20,940","20,900","20,970","21,260","21,500"
196,4,Kittitas,Kittitas,"1,438","1,440","1,440","1,440","1,445","1,445","1,445"
197,4,Kittitas,Roslyn,950,955,960,960,965,965,965
198,4,Kittitas,South Cle Elum,559,560,565,565,570,575,580
199,.,.,.,.,.,.,.,.,.,.
200,1,Klickitat,Klickitat County,"22,735","23,000","23,150","23,250","23,450","23,600","23,700"
201,2,Klickitat,Unincorporated Klickitat County,"16,019","16,255","16,405","16,485","16,605","16,755","16,835"
202,3,Klickitat,Incorporated Klickitat County,"6,716","6,745","6,745","6,765","6,845","6,845","6,865"
203,4,Klickitat,Bingen,778,780,780,780,780,780,795
204,4,Klickitat,Goldendale,"3,453","3,475","3,475","3,485","3,515","3,500","3,500"
205,4,Klickitat,White Salmon,"2,485","2,490","2,490","2,500","2,550","2,565","2,570"
206,.,.,.,.,.,.,.,.,.,.
207,1,Lewis,Lewis County,"82,149","82,700","83,400","84,075","84,950","85,550","86,550"
208,2,Lewis,Unincorporated Lewis County,"49,461","49,840","50,185","50,580","50,550","50,765","51,140"
209,3,Lewis,Incorporated Lewis County,"32,688","32,860","33,215","33,495","34,400","34,785","35,410"
210,4,Lewis,Centralia,"18,183","18,280","18,360","18,400","18,510","18,730","19,130"
211,4,Lewis,Chehalis,"7,439","7,350","7,365","7,400","7,480","7,515","7,590"
212,4,Lewis,Morton,"1,036","1,055","1,070","1,080","1,085","1,095","1,095"
213,4,Lewis,Mossyrock,768,775,780,785,800,815,820
214,4,Lewis,Napavine,"1,888","1,895","1,955","1,995","2,040","2,050","2,055"
215,4,Lewis,Pe Ell,642,640,650,655,655,660,670
216,4,Lewis,Toledo,631,635,685,695,700,710,715
217,4,Lewis,Vader,629,645,655,650,665,690,710
218,4,Lewis,Winlock,"1,472","1,585","1,695","1,835","2,465","2,520","2,625"
219,.,.,.,.,.,.,.,.,.,.
220,1,Lincoln,Lincoln County,"10,876","10,900","11,050","11,125","11,300","11,250","11,300"
221,2,Lincoln,Unincorporated Lincoln County,"5,290","5,320","5,440","5,490","5,640","5,655","5,685"
222,3,Lincoln,Incorporated Lincoln County,"5,586","5,580","5,610","5,635","5,660","5,595","5,615"
223,4,Lincoln,Almira,318,315,320,320,320,315,315
224,4,Lincoln,Creston,213,215,215,220,225,220,225
225,4,Lincoln,Davenport,"1,703","1,705","1,710","1,725","1,730","1,720","1,730"
226,4,Lincoln,Harrington,429,425,430,435,435,430,430
227,4,Lincoln,Odessa,896,890,890,890,895,875,875
228,4,Lincoln,Reardan,637,640,650,650,655,645,650
229,4,Lincoln,Sprague,495,495,500,500,500,495,495
230,4,Lincoln,Wilbur,895,895,895,895,900,895,895
231,.,.,.,.,.,.,.,.,.,.
232,1,Mason,Mason County,"65,726","65,750","66,200","67,000","67,475","67,800","67,950"
233,2,Mason,Unincorporated Mason County,"55,355","55,340","55,770","56,580","57,125","57,390","57,500"
234,3,Mason,Incorporated Mason County,"10,371","10,410","10,430","10,420","10,350","10,410","10,450"
235,4,Mason,Shelton,"10,371","10,410","10,430","10,420","10,350","10,410","10,450"
236,.,.,.,.,.,.,.,.,.,.
237,1,Okanogan,Okanogan County,"42,104","42,350","42,700","43,000","43,200","43,400","43,500"
238,2,Okanogan,Unincorporated Okanogan County,"25,943","26,105","26,325","26,500","26,660","26,790","26,885"
239,3,Okanogan,Incorporated Okanogan County,"16,161","16,245","16,375","16,500","16,540","16,610","16,615"
240,4,Okanogan,Brewster,"1,983","1,995","1,990","1,995","1,995","2,005","2,005"
241,4,Okanogan,Conconully,193,190,190,195,195,195,195
242,4,Okanogan,Coulee Dam (part),"1,011","1,010","1,010","1,010","1,010","1,010","1,010"
243,4,Okanogan,Elmer City,239,245,245,245,245,245,245
244,4,Okanogan,Nespelem,180,180,180,185,185,185,185
245,4,Okanogan,Okanogan,"2,379","2,395","2,415","2,420","2,420","2,425","2,400"
246,4,Okanogan,Omak,"4,860","4,870","4,950","4,980","4,980","4,985","5,000"
247,4,Okanogan,Oroville,"1,795","1,800","1,805","1,810","1,815","1,820","1,820"
248,4,Okanogan,Pateros,593,590,590,595,600,610,620
249,4,Okanogan,Riverside,329,325,325,325,325,325,325
250,4,Okanogan,Tonasket,"1,103","1,095","1,085","1,085","1,085","1,090","1,085"
251,4,Okanogan,Twisp,992,"1,015","1,035","1,075","1,095","1,110","1,100"
252,4,Okanogan,Winthrop,504,535,555,580,590,605,625
253,.,.,.,.,.,.,.,.,.,.
254,1,Pacific,Pacific County,"23,365","23,425","23,600","23,775","23,950","23,950","23,950"
255,2,Pacific,Unincorporated Pacific County,"15,763","15,815","15,960","16,070","16,185","16,230","16,210"
256,3,Pacific,Incorporated Pacific County,"7,602","7,610","7,640","7,705","7,765","7,720","7,740"
257,4,Pacific,Ilwaco,"1,087","1,085","1,100","1,110","1,115","1,100","1,095"
258,4,Pacific,Long Beach,"1,688","1,700","1,715","1,730","1,745","1,730","1,730"
259,4,Pacific,Raymond,"3,081","3,075","3,090","3,110","3,160","3,155","3,160"
260,4,Pacific,South Bend,"1,746","1,750","1,735","1,755","1,745","1,735","1,755"
261,.,.,.,.,.,.,.,.,.,.
262,1,Pend Oreille,Pend Oreille County,"13,401","13,475","13,625","13,725","13,850","13,950","14,100"
263,2,Pend Oreille,Unincorporated Pend Oreille County,"10,272","10,345","10,480","10,575","10,680","10,750","10,875"
264,3,Pend Oreille,Incorporated Pend Oreille County,"3,129","3,130","3,145","3,150","3,170","3,200","3,225"
265,4,Pend Oreille,Cusick,153,150,155,155,165,180,180
266,4,Pend Oreille,Ione,428,425,425,425,430,430,430
267,4,Pend Oreille,Metaline,162,160,160,160,160,160,155
268,4,Pend Oreille,Metaline Falls,272,275,275,275,275,275,275
269,4,Pend Oreille,Newport,"2,114","2,120","2,130","2,135","2,140","2,155","2,185"
270,.,.,.,.,.,.,.,.,.,.
271,1,Pierce,Pierce County,"920,393","928,200","937,400","946,300","952,600","959,900","967,000"
272,2,Pierce,Unincorporated Pierce County,"430,248","435,135","440,800","446,150","447,645","450,750","453,780"
273,3,Pierce,Incorporated Pierce County,"490,145","493,065","496,600","500,150","504,955","509,150","513,220"
274,4,Pierce,Auburn (part),"10,013","10,040","10,060","10,060","10,060","10,060","10,060"
275,4,Pierce,Bonney Lake,"21,750","23,510","22,990","23,250","23,320","23,450","23,510"
276,4,Pierce,Buckley,"5,114","5,300","5,315","5,555","5,740","5,785","5,905"
277,4,Pierce,Carbonado,734,740,740,745,755,750,755
278,4,Pierce,DuPont,"10,151","10,180","10,180","10,180","10,180","10,190","10,190"
279,4,Pierce,Eatonville,"2,845","2,875","2,890","2,900","2,905","2,930","2,945"
280,4,Pierce,Edgewood,"12,327","13,110","13,520","13,590","14,080","14,120","14,160"
281,4,Pierce,Enumclaw (part),0,0,0,0,0,0,0
282,4,Pierce,Fife,"10,999","11,150","11,130","11,150","11,320","11,300","11,440"
283,4,Pierce,Fircrest,"7,156","7,195","7,215","7,235","7,230","7,240","7,250"
284,4,Pierce,Gig Harbor,"12,029","12,200","12,540","13,060","13,090","13,110","13,140"
285,4,Pierce,Lakewood,"63,612","63,600","63,800","64,150","64,620","64,670","64,980"
286,4,Pierce,Milton (part),"7,057","7,065","7,065","7,080","7,120","7,155","7,195"
287,4,Pierce,Orting,"9,041","9,010","9,055","9,110","9,125","9,125","9,160"
288,4,Pierce,Pacific (part),41,40,40,40,40,40,40
289,4,Pierce,Puyallup,"42,973","43,060","43,260","43,420","43,410","43,730","44,000"
290,4,Pierce,Roy,816,815,815,815,815,820,820
291,4,Pierce,Ruston,"1,055","1,060","1,060","1,065","1,065","1,075","1,080"
292,4,Pierce,South Prairie,373,375,620,645,625,625,630
293,4,Pierce,Steilacoom,"6,727","6,745","6,790","6,825","6,845","6,860","6,890"
294,4,Pierce,Sumner,"10,621","10,700","10,800","10,800","11,040","11,080","11,080"
295,4,Pierce,Tacoma,"219,346","218,700","220,800","222,400","225,100","228,400","231,000"
296,4,Pierce,University Place,"34,866","35,100","35,420","35,580","35,970","36,140","36,490"
297,4,Pierce,Wilkeson,499,495,495,495,500,495,500
298,.,.,.,.,.,.,.,.,.,.
299,1,San Juan,San Juan County,"17,788","17,850","18,150","18,350","18,475","18,550","18,650"
300,2,San Juan,Unincorporated San Juan County,"15,175","15,220","15,470","15,635","15,735","15,805","15,895"
301,3,San Juan,Incorporated San Juan County,"2,613","2,630","2,680","2,715","2,740","2,745","2,755"
302,4,San Juan,Friday Harbor,"2,613","2,630","2,680","2,715","2,740","2,745","2,755"
303,.,.,.,.,.,.,.,.,.,.
304,1,Skagit,Skagit County,"129,523","130,000","131,250","132,000","133,300","134,600","135,350"
305,2,Skagit,Unincorporated Skagit County,"52,606","52,750","52,970","53,065","53,210","53,380","53,580"
306,3,Skagit,Incorporated Skagit County,"76,917","77,250","78,280","78,935","80,090","81,220","81,770"
307,4,Skagit,Anacortes,"17,637","17,750","17,880","18,020","18,270","18,350","18,410"
308,4,Skagit,Burlington,"9,152","9,290","9,800","9,905","10,410","10,910","11,200"
309,4,Skagit,Concrete,801,805,810,810,810,815,815
310,4,Skagit,Hamilton,299,295,295,295,295,295,290
311,4,Skagit,La Conner,965,970,980,990,995,"1,000","1,000"
312,4,Skagit,Lyman,423,420,425,425,430,440,445
313,4,Skagit,Mount Vernon,"35,219","35,390","35,500","35,590","35,800","36,050","36,090"
314,4,Skagit,Sedro-Woolley,"12,421","12,330","12,590","12,900","13,080","13,360","13,520"
315,.,.,.,.,.,.,.,.,.,.
316,1,Skamania,Skamania County,"11,604","11,750","11,900","12,000","12,075","12,150","12,150"
317,2,Skamania,Unincorporated Skamania County,"9,148","9,255","9,375","9,460","9,500","9,565","9,565"
318,3,Skamania,Incorporated Skamania County,"2,456","2,495","2,525","2,540","2,575","2,585","2,585"
319,4,Skamania,North Bonneville,965,970,975,975,985,985,985
320,4,Skamania,Stevenson,"1,491","1,525","1,550","1,565","1,590","1,600","1,600"
321,.,.,.,.,.,.,.,.,.,.
322,1,Snohomish,Snohomish County,"827,957","837,800","847,300","859,800","867,100","873,800","879,700"
323,2,Snohomish,Unincorporated Snohomish County,"367,716","371,300","371,915","374,435","376,700","379,255","381,290"
324,3,Snohomish,Incorporated Snohomish County,"460,241","466,500","475,385","485,365","490,400","494,545","498,410"
325,4,Snohomish,Arlington,"19,868","20,690","21,260","21,740","22,980","23,080","23,390"
326,4,Snohomish,Bothell (part),"19,205","19,400","19,730","20,270","20,380","20,420","20,530"
327,4,Snohomish,Brier,"6,560","6,570","6,590","6,610","6,600","6,630","6,630"
328,4,Snohomish,Darrington,"1,462","1,470","1,490","1,505","1,515","1,520","1,520"
329,4,Snohomish,Edmonds,"42,853","42,900","42,980","43,370","43,420","43,510","43,770"
330,4,Snohomish,Everett,"110,629","112,300","113,300","114,200","114,800","114,700","114,900"
331,4,Snohomish,Gold Bar,"2,403","2,420","2,290","2,305","2,310","2,350","2,420"
332,4,Snohomish,Granite Falls,"4,450","4,490","4,705","4,775","4,775","4,775","4,765"
333,4,Snohomish,Index,155,155,155,155,160,170,170
334,4,Snohomish,Lake Stevens,"35,630","37,000","40,700","41,260","41,540","42,180","42,590"
335,4,Snohomish,Lynnwood,"38,568","38,650","38,740","40,790","41,500","42,540","43,070"
336,4,Snohomish,Marysville,"70,714","71,250","72,380","73,780","74,390","75,640","76,820"
337,4,Snohomish,Mill Creek,"20,926","20,930","21,510","21,630","21,630","21,630","21,630"
338,4,Snohomish,Monroe,"19,699","19,900","19,700","20,590","20,830","20,960","20,930"
339,4,Snohomish,Mountlake Terrace,"21,286","21,980","22,070","23,810","24,260","24,640","24,750"
340,4,Snohomish,Mukilteo,"21,538","21,560","21,590","21,590","21,590","21,600","21,610"
341,4,Snohomish,Snohomish,"10,126","10,160","10,200","10,330","10,350","10,500","10,770"
342,4,Snohomish,Stanwood,"7,705","7,980","8,405","8,585","8,865","8,950","9,325"
343,4,Snohomish,Sultan,"5,146","5,370","6,260","6,730","7,160","7,405","7,480"
344,4,Snohomish,Woodway,"1,318","1,325","1,330","1,340","1,345","1,345","1,340"
345,.,.,.,.,.,.,.,.,.,.
346,1,Spokane,Spokane County,"539,339","542,100","550,700","554,600","559,400","566,000","570,600"
347,2,Spokane,Unincorporated Spokane County,"158,524","159,560","162,715","163,390","164,850","167,915","169,635"
348,3,Spokane,Incorporated Spokane County,"380,815","382,540","387,985","391,210","394,550","398,085","400,965"
349,4,Spokane,Airway Heights,"10,757","10,760","11,040","11,280","12,070","12,120","12,140"
350,4,Spokane,Cheney,"13,255","12,390","12,920","13,160","13,150","13,180","13,130"
351,4,Spokane,Deer Park,"4,383","4,520","4,670","4,925","5,100","5,135","5,565"
352,4,Spokane,Fairfield,589,600,600,600,600,600,600
353,4,Spokane,Latah,185,185,185,185,185,185,185
354,4,Spokane,Liberty Lake,"12,003","12,480","12,870","13,150","13,870","14,110","14,790"
355,4,Spokane,Medical Lake,"4,874","4,870","4,840","4,915","4,835","4,900","4,890"
356,4,Spokane,Millwood,"1,881","1,915","1,915","1,925","1,925","1,925","1,925"
357,4,Spokane,Rockford,522,520,545,570,605,620,630
358,4,Spokane,Spangle,280,280,280,280,285,285,285
359,4,Spokane,Spokane,"228,989","229,400","230,900","232,700","233,000","234,700","235,900"
360,4,Spokane,Spokane Valley,"102,976","104,500","107,100","107,400","108,800","110,200","110,800"
361,4,Spokane,Waverly,121,120,120,120,125,125,125
362,.,.,.,.,.,.,.,.,.,.
363,1,Stevens,Stevens County,"46,445","46,725","47,050","47,350","47,650","47,800","48,025"
364,2,Stevens,Unincorporated Stevens County,"36,675","36,925","37,172","37,405","37,605","37,720","37,870"
365,3,Stevens,Incorporated Stevens County,"9,770","9,800","9,878","9,945","10,045","10,080","10,155"
366,4,Stevens,Chewelah,"2,470","2,485","2,535","2,580","2,645","2,675","2,680"
367,4,Stevens,Colville,"4,917","4,910","4,900","4,925","4,955","4,945","5,030"
368,4,Stevens,Kettle Falls,"1,636","1,655","1,650","1,640","1,640","1,645","1,625"
369,4,Stevens,Marcus,216,215,215,215,215,215,220
370,4,Stevens,Northport,297,295,295,295,295,295,295
371,4,Stevens,Springdale,234,240,283,290,295,305,305
372,.,.,.,.,.,.,.,.,.,.
373,1,Thurston,Thurston County,"294,793","297,800","300,500","303,400","307,000","309,100","312,400"
374,2,Thurston,Unincorporated Thurston County,"144,856","145,255","143,760","143,980","145,735","146,645","147,255"
375,3,Thurston,Incorporated Thurston County,"149,937","152,545","156,740","159,420","161,265","162,455","165,145"
376,4,Thurston,Bucoda,600,595,610,620,620,630,630
377,4,Thurston,Lacey,"53,526","54,850","58,180","59,430","60,210","60,380","60,720"
378,4,Thurston,Olympia,"55,382","55,960","56,370","56,900","57,450","57,970","58,630"
379,4,Thurston,Rainier,"2,369","2,440","2,510","2,555","2,565","2,590","2,590"
380,4,Thurston,Tenino,"1,870","2,010","2,030","2,045","2,070","2,075","2,075"
381,4,Thurston,Tumwater,"25,573","26,050","26,360","27,100","27,470","27,680","28,030"
382,4,Thurston,Yelm,"10,617","10,640","10,680","10,770","10,880","11,130","12,470"
383,.,.,.,.,.,.,.,.,.,.
384,1,Wahkiakum,Wahkiakum County,"4,422","4,475","4,525","4,550","4,550","4,550","4,600"
385,2,Wahkiakum,Unincorporated Wahkiakum County,"3,862","3,915","3,965","3,975","3,970","3,970","4,015"
386,3,Wahkiakum,Incorporated Wahkiakum County,560,560,560,575,580,580,585
387,4,Wahkiakum,Cathlamet,560,560,560,575,580,580,585
388,.,.,.,.,.,.,.,.,.,.
389,1,Walla Walla,Walla Walla County,"62,584","62,100","62,625","63,100","63,375","63,800","64,100"
390,2,Walla Walla,Unincorporated Walla Walla County,"17,084","17,110","17,200","17,340","17,290","17,325","17,345"
391,3,Walla Walla,Incorporated Walla Walla County,"45,500","44,990","45,425","45,760","46,085","46,475","46,755"
392,4,Walla Walla,College Place,"9,902","9,775","9,855","9,890","9,945","10,050","10,090"
393,4,Walla Walla,Prescott,372,370,370,375,375,375,370
394,4,Walla Walla,Waitsburg,"1,166","1,165","1,180","1,185","1,185","1,200","1,215"
395,4,Walla Walla,Walla Walla,"34,060","33,680","34,020","34,310","34,580","34,850","35,080"
396,.,.,.,.,.,.,.,.,.,.
397,1,Whatcom,Whatcom County,"226,847","226,300","231,650","235,800","238,000","240,500","242,250"
398,2,Whatcom,Unincorporated Whatcom County,"92,660","92,730","93,130","94,175","94,465","94,810","94,935"
399,3,Whatcom,Incorporated Whatcom County,"134,187","133,570","138,520","141,625","143,535","145,690","147,315"
400,4,Whatcom,Bellingham,"91,482","89,860","93,910","95,960","97,270","98,340","99,030"
401,4,Whatcom,Blaine,"5,884","6,020","6,130","6,310","6,480","6,585","6,775"
402,4,Whatcom,Everson,"2,888","2,935","3,060","3,135","3,140","3,245","3,320"
403,4,Whatcom,Ferndale,"15,048","15,570","15,970","16,330","16,430","17,020","17,240"
404,4,Whatcom,Lynden,"15,749","15,930","16,150","16,520","16,710","16,840","17,220"
405,4,Whatcom,Nooksack,"1,471","1,515","1,560","1,560","1,670","1,825","1,895"
406,4,Whatcom,Sumas,"1,665","1,740","1,740","1,810","1,835","1,835","1,835"
407,.,.,.,.,.,.,.,.,.,.
408,1,Whitman,Whitman County,"47,973","44,600","47,800","48,100","48,750","49,450","49,000"
409,2,Whitman,Unincorporated Whitman County,"5,929","5,880","5,920","5,930","5,955","5,965","6,010"
410,3,Whitman,Incorporated Whitman County,"42,044","38,720","41,880","42,170","42,795","43,485","42,990"
411,4,Whitman,Albion,550,545,545,540,550,545,545
412,4,Whitman,Colfax,"2,782","2,765","2,785","2,785","2,785","2,790","2,790"
413,4,Whitman,Colton,401,400,405,410,400,385,390
414,4,Whitman,Endicott,312,310,310,310,310,310,310
415,4,Whitman,Farmington,131,135,140,140,135,135,135
416,4,Whitman,Garfield,562,565,565,565,565,565,565
417,4,Whitman,LaCrosse,297,300,300,295,295,290,290
418,4,Whitman,Lamont,79,80,80,85,85,85,85
419,4,Whitman,Malden,216,110,135,135,125,130,135
420,4,Whitman,Oakesdale,395,400,400,400,400,400,400
421,4,Whitman,Palouse,"1,015","1,020","1,035","1,050","1,055","1,060","1,065"
422,4,Whitman,Pullman,"32,901","29,690","32,790","33,060","33,680","34,380","33,860"
423,4,Whitman,Rosalia,598,600,590,585,585,585,585
424,4,Whitman,St. John,599,600,600,605,605,605,605
425,4,Whitman,Tekoa,817,810,810,805,820,820,825
426,4,Whitman,Uniontown,389,390,390,400,400,400,405
427,.,.,.,.,.,.,.,.,.,.
428,1,Yakima,Yakima County,"256,728","258,100","259,950","261,200","263,200","264,650","265,775"
429,2,Yakima,Unincorporated Yakima County,"88,147","88,240","88,955","89,155","89,635","89,955","90,125"
430,3,Yakima,Incorporated Yakima County,"168,581","169,860","170,995","172,045","173,565","174,695","175,650"
431,4,Yakima,Grandview,"10,910","10,960","11,020","11,250","11,680","11,950","12,280"
432,4,Yakima,Granger,"3,624","3,690","3,740","3,775","3,815","3,775","3,805"
433,4,Yakima,Harrah,585,580,580,580,585,590,595
434,4,Yakima,Mabton,"1,959","1,975","1,975","1,965","1,965","1,990","1,995"
435,4,Yakima,Moxee,"4,326","4,405","4,665","4,785","4,820","4,825","4,825"
436,4,Yakima,Naches,"1,084","1,110","1,125","1,120","1,125","1,150","1,130"
437,4,Yakima,Selah,"8,153","8,235","8,365","8,450","8,620","8,655","8,680"
438,4,Yakima,Sunnyside,"16,375","16,400","16,500","16,530","16,570","16,690","16,790"
439,4,Yakima,Tieton,"1,389","1,430","1,505","1,545","1,600","1,635","1,685"
440,4,Yakima,Toppenish,"8,854","8,870","8,870","8,900","8,915","8,925","8,945"
441,4,Yakima,Union Gap,"6,568","6,595","6,640","6,660","6,660","6,670","6,680"
442,4,Yakima,Wapato,"4,607","4,610","4,615","4,620","4,625","4,615","4,605"
443,4,Yakima,Yakima,"96,968","97,810","98,200","98,650","99,370","100,000","100,400"
444,4,Yakima,Zillah,"3,179","3,190","3,195","3,215","3,215","3,225","3,235"
445,.,.,.,.,.,.,.,.,.,.
446,100,State,State Total,"7,706,310","7,766,975","7,864,400","7,951,150","8,035,700","8,115,100","8,176,300"
447,200,State,Unincorporated State Total,"2,668,754","2,689,740","2,708,392","2,728,885","2,747,208","2,764,260","2,780,155"
448,300,State,Incorporated State Total,"5,037,556","5,077,235","5,156,008","5,222,265","5,288,492","5,350,840","5,396,145"
,,,,,,,,,,
"1The 2021 estimates in this table were revised November 30, 2021 after the 2020 Census P.L. 94-171 became available. These 2021 estimates supersede the estimates OFM released on June 30, 2021.",,,,,,,,,,
