Estimates of Total Population for Census 2020 Urban Growth Areas by County Part,,,,,,,,,,,,,,,,,,,,,,,,
"Washington State Office of Financial Management, Small Area Estimate Program (SAEP)",,,,,,,,,,,,,,,,,,,,,,,,
.,,,,,,,,,,,,,,,,,,,,,,,,
By using these data the user agrees that the Washington State Office of Financial Management shall not be liable for any activity involving these data with regard to lost profits,,,,,,,,,,,,,,,,,,,,,,,,
"or savings or any other consequential damages; or the fitness for use of the data for a particular purpose; or the installation of the data, its use, or the results obtained.",,,,,,,,,,,,,,,,,,,,,,,,
.,,,,,,,,,,,,,,,,,,,,,,,,
"Estimates are approximations, use these data with caution. The estimates in these tables are typically presented for very small areas. To increase statistical stability,",,,,,,,,,,,,,,,,,,,,,,,,
"we recommend that users aggregate small area populations into larger geographic units of about 4,300 people, the size of the average census tract. Some changes",,,,,,,,,,,,,,,,,,,,,,,,
to the 2020 census data were made to ensure reliability. This table includes the 2020 census data from the Public Law 94-171 and OFM’s adjusted 2020 figures,,,,,,,,,,,,,,,,,,,,,,,,
so users can compare the values. All estimates are based on OFM adjusted figures. See the SAEP User Guide for more information.,,,,,,,,,,,,,,,,,,,,,,,,
,,,,,,,,,,,,,,,,,,,,,,,,
County Name,County Code FIPS,Urban Growth Area Name,Urban Growth Area,SAEP Version,Estimated Total Population 2010,Estimated Total Population 2011,Estimated Total Population 2012,Estimated Total Population 2013,Estimated Total Population 2014,Estimated Total Population 2015,Estimated Total Population 2016,Estimated Total Population 2017,Estimated Total Population 2018,Estimated Total Population 2019,2020 Census (P.L. 94-171) Total Population,OFM Adjusted Total Population 2020,Estimated Total Population 2021,Estimated Total Population 2022,Estimated Total Population 2023,Estimated Total Population 2024,Estimated Total Population 2025,Estimated Total Population 2026,Numeric Change in Population 2020 to 2026,Percent Change in Population 2020 to 2026
Benton,005,Benton City,05560,17-Aug-26,"3,678","3,766","3,908","3,831","3,837","3,854","3,876","3,910","3,949","4,099","4,184","4,184","4,206","4,461","4,563","4,605","4,609","4,701",517,12.36%
Benton,005,Kennewick,35275,17-Aug-26,"76,950","77,546","78,098","79,319","80,495","81,001","81,693","82,922","84,446","85,853","87,356","87,356","88,126","88,899","90,065","90,759","91,453","92,882","5,526",6.33%
Benton,005,Prosser,56450,17-Aug-26,"6,433","6,450","6,421","6,397","6,376","6,389","6,452","6,464","6,587","6,619","6,699","6,699","6,767","6,767","6,933","7,102","7,150","7,244",545,8.14%
Benton,005,Richland,58235,17-Aug-26,"49,614","50,778","51,908","53,349","54,712","56,148","56,674","57,579","58,882","60,078","61,899","61,899","62,646","63,547","64,634","65,499","66,236","67,591","5,692",9.20%
Benton,005,West Richland,77665,17-Aug-26,"11,854","12,257","12,680","13,234","13,852","14,290","14,727","15,121","15,869","16,024","16,327","16,327","17,105","17,437","17,885","18,304","18,457","18,847","2,520",15.43%
Chelan,007,Cashmere,10495,17-Aug-26,"3,875","3,888","3,901","3,888","3,823","3,868","3,896","3,955","4,005","4,029","4,115","4,115","4,134","4,151","4,226","4,263","4,291","4,304",189,4.58%
Chelan,007,Chelan,11615,17-Aug-26,"4,184","4,218","4,199","4,186","4,279","4,278","4,328","4,365","4,421","4,421","4,525","4,525","4,628","4,704","4,786","4,901","4,956","4,994",469,10.36%
Chelan,007,Entiat,22010,17-Aug-26,"1,115","1,144","1,144","1,148","1,164","1,180","1,207","1,229","1,244","1,301","1,333","1,333","1,345","1,360","1,365","1,384","1,529","1,554",221,16.61%
Chelan,007,Leavenworth,38845,17-Aug-26,"2,391","2,430","2,465","2,484","2,542","2,585","2,624","2,682","2,739","2,741","2,774","2,774","2,913","3,038","3,114","3,120","3,143","3,165",391,14.09%
Chelan,007,Manson,42835,17-Aug-26,"1,953","1,921","1,900","1,891","1,887","1,885","1,898","1,913","1,947","1,986","2,013","2,013","2,093","2,141","2,179","2,215","2,218","2,210",197,9.80%
Chelan,007,Peshastin,54140,17-Aug-26,680,686,681,664,663,664,665,668,668,666,658,658,656,653,652,659,658,659,1,0.21%
Chelan,007,Wenatchee,77105,17-Aug-26,"37,411","37,750","37,966","38,211","38,866","39,034","39,112","39,450","40,074","40,225","40,782","40,849","40,862","40,999","41,221","41,466","41,628","41,933","1,084",2.65%
Clallam,009,Carlsborg,10075,17-Aug-26,843,847,857,861,854,852,857,866,875,880,884,884,886,888,891,909,911,983,99,11.15%
Clallam,009,Clallam Bay-Sekiu,12525,17-Aug-26,"1,392","1,399","1,406","1,393","1,373","1,402","1,404","1,405","1,384","1,335",535,"1,317","1,333",915,910,"1,021","1,111","1,222",-95,-7.24%
Clallam,009,Forks,24810,17-Aug-26,"4,696","4,639","4,654","4,622","4,610","4,578","4,552","4,523","4,497","4,481","4,501","4,501","4,501","4,527","4,566","4,583","4,587","4,672",171,3.81%
Clallam,009,Joyce,34400,17-Aug-26,94,95,94,96,95,94,94,93,92,91,89,89,91,100,99,99,105,105,16,18.07%
Clallam,009,Port Angeles,55365,17-Aug-26,"21,732","21,859","21,960","22,016","22,053","22,184","22,326","22,432","22,420","22,717","22,741","22,741","22,908","22,991","23,039","23,198","23,221","23,157",416,1.83%
Clallam,009,Sequim,63385,17-Aug-26,"8,032","8,092","8,299","8,393","8,491","8,541","8,722","8,924","9,116","9,394","9,573","9,573","9,682","9,773","9,907","9,966","9,964","10,161",588,6.14%
Clark,011,Battle Ground,04475,17-Aug-26,"19,618","19,760","19,599","19,646","19,980","20,481","20,892","21,774","21,909","22,182","22,777","22,777","23,197","23,716","23,851","24,408","24,716","25,486","2,709",11.89%
Clark,011,Camas,09480,17-Aug-26,"20,835","21,133","21,540","21,907","22,509","22,834","23,574","24,442","24,725","25,201","27,049","27,049","27,858","28,236","28,403","28,629","28,904","29,343","2,294",8.48%
Clark,011,La Center,36710,17-Aug-26,"3,014","3,033","3,019","3,038","3,052","3,084","3,117","3,158","3,259","3,350","3,557","3,557","3,738","3,943","3,997","4,152","4,378","4,547",990,27.84%
Clark,011,Ridgefield,58410,17-Aug-26,"5,240","5,482","5,749","6,306","6,840","7,261","7,890","8,374","8,944","9,618","10,846","10,846","12,448","14,195","15,740","16,358","16,848","17,379","6,533",60.24%
Clark,011,Vancouver,74060,17-Aug-26,"300,343","302,267","304,751","307,848","313,241","318,981","325,169","332,167","338,293","345,073","353,877","353,877","360,177","364,821","368,719","375,122","379,583","384,334","30,457",8.61%
Clark,011,Washougal,76405,17-Aug-26,"14,594","14,758","14,936","15,216","15,524","15,774","16,272","16,564","16,803","17,316","17,518","17,518","17,679","17,868","17,967","18,627","18,833","18,961","1,443",8.24%
Clark,011,Woodland,79625,17-Aug-26,121,121,119,117,114,112,110,108,116,114,116,116,117,117,117,117,116,116,0,0.33%
Clark,011,Yacolt,79975,17-Aug-26,"1,590","1,594","1,599","1,584","1,566","1,563","1,587","1,635","1,666","1,681","1,696","1,696","1,698","1,698","1,698","1,698","1,803","1,803",107,6.32%
Columbia,013,Dayton,16970,17-Aug-26,"2,743","2,735","2,719","2,725","2,719","2,721","2,727","2,705","2,675","2,664","2,643","2,643","2,645","2,639","2,639","2,663","2,633","2,627",-16,-0.60%
Columbia,013,Starbuck,67490,17-Aug-26,143,143,141,141,140,139,140,138,137,136,135,135,136,135,135,135,135,130,-5,-3.76%
Douglas,017,Bridgeport,07905,17-Aug-26,"2,430","2,394","2,370","2,340","2,318","2,302","2,275","2,230","2,188","2,175","2,154","2,154","2,123","2,148","2,168","2,215","2,209","2,213",59,2.76%
Douglas,017,Coulee Dam,15115,17-Aug-26,187,187,189,190,192,195,195,196,197,199,200,200,200,200,200,200,200,200,0,0.00%
Douglas,017,East Wenatchee,20155,17-Aug-26,"26,458","26,719","27,011","27,321","27,592","27,980","28,334","28,713","29,187","29,527","29,966","29,966","30,433","30,689","30,885","31,249","31,514","31,830","1,864",6.22%
Douglas,017,Mansfield,42800,17-Aug-26,332,332,337,337,336,337,339,338,337,337,337,337,341,341,341,346,346,346,9,2.53%
Douglas,017,Pangborn Industrial Service Are,53063,17-Aug-26,43,41,41,40,39,38,37,36,35,36,40,40,40,40,39,39,39,39,-1,-2.91%
Douglas,017,Rock Island,59180,17-Aug-26,"1,143","1,149","1,151","1,153","1,155","1,178","1,276","1,316","1,354","1,450","1,416","1,416","1,437","1,561","1,706","1,816","1,832","1,842",426,30.05%
Douglas,017,Waterville,76510,17-Aug-26,"1,145","1,146","1,148","1,142","1,146","1,153","1,146","1,148","1,138","1,146","1,146","1,146","1,152","1,152","1,157","1,162","1,167","1,172",26,2.24%
Franklin,021,Connell,14485,17-Aug-26,"5,278","6,294","6,544","6,618","6,731","6,877","6,870","7,064","7,223","7,396","5,510","5,510","5,193","4,908","5,029","5,247","5,251","5,149",-361,-6.54%
Franklin,021,Kahlotus,34575,17-Aug-26,202,197,199,195,186,187,183,162,159,158,157,157,155,155,155,155,155,155,-2,-1.52%
Franklin,021,Mesa,45180,17-Aug-26,482,477,466,452,444,432,418,408,401,392,385,385,390,390,390,400,400,405,20,5.19%
Franklin,021,Pasco,53545,17-Aug-26,"63,084","64,397","66,124","67,462","69,824","70,267","71,545","72,589","75,011","76,769","80,385","80,385","82,198","83,732","84,368","85,335","86,223","88,817","8,432",10.49%
Garfield,023,Pomeroy,55120,17-Aug-26,"1,597","1,596","1,589","1,580","1,575","1,591","1,603","1,601","1,600","1,604","1,577","1,577","1,585","1,584","1,583","1,603","1,582","1,582",5,0.29%
Grant,025,Coulee City,15080,17-Aug-26,655,655,650,662,655,650,649,651,663,675,677,677,688,688,690,690,693,693,16,2.31%
Grant,025,Coulee Dam,15115,17-Aug-26,0,0,0,0,0,0,0,0,0,0,0,0,0,0,0,0,0,0,0,0.00%
Grant,025,Electric City,21030,17-Aug-26,985,"1,062",983,991,982,974,967,969,976,975,960,960,959,964,969,979,979,974,14,1.45%
Grant,025,Ephrata,22080,17-Aug-26,"7,672","7,713","7,791","7,947","8,013","8,086","8,162","8,177","8,367","8,506","8,488","8,488","8,583","8,628","8,698","8,818","8,923","9,033",545,6.42%
Grant,025,George,26455,17-Aug-26,534,731,748,777,783,791,800,808,819,839,855,855,861,866,930,945,945,"1,045",190,22.21%
Grant,025,Grand Coulee,27855,17-Aug-26,"1,143","1,145","1,146","1,147","1,138","1,124","1,105","1,103","1,096","1,093","1,072","1,072","1,070","1,066","1,062","1,057","1,052","1,056",-16,-1.47%
Grant,025,Hartline,29920,17-Aug-26,151,152,155,162,165,172,170,172,176,179,180,180,180,180,180,180,180,180,0,0.00%
Grant,025,Krupp,36395,17-Aug-26,48,50,50,50,49,49,49,49,49,50,49,49,50,50,45,45,45,45,-4,-8.16%
Grant,025,Lakeview,37926,17-Aug-26,874,887,894,916,935,945,956,967,985,"1,001","1,000","1,000","1,020","1,020","1,024","1,023","1,021","1,012",12,1.17%
Grant,025,Mattawa,44165,17-Aug-26,"5,047","4,884","4,769","4,657","4,404","4,309","4,238","4,246","4,155","3,892","3,704","3,704","3,708","3,903","3,944","4,243","4,256","4,300",596,16.10%
Grant,025,Moses Lake,47245,17-Aug-26,"31,864","32,028","32,391","32,771","33,171","33,634","33,882","34,356","35,489","36,357","37,332","37,332","37,970","38,248","38,527","39,446","39,969","40,399","3,067",8.22%
Grant,025,Quincy,57115,17-Aug-26,"7,155","7,177","7,251","7,313","7,425","7,419","7,548","7,553","7,597","7,825","7,925","7,925","8,098","8,207","8,442","8,595","8,704","8,933","1,008",12.72%
Grant,025,Royal City,60230,17-Aug-26,"2,175","2,097","2,020","1,967","1,897","1,835","1,754","1,673","1,626","1,572","1,809","1,809","1,888","1,943","1,943","1,993","1,992","1,992",183,10.14%
Grant,025,Soap Lake,65345,17-Aug-26,"1,592","1,606","1,625","1,638","1,649","1,637","1,668","1,698","1,749","1,787","1,779","1,779","1,783","1,828","1,857","1,887","1,901","1,941",162,9.10%
Grant,025,Warden,76160,17-Aug-26,"2,780","2,737","2,701","2,676","2,637","2,596","2,570","2,542","2,531","2,531","2,498","2,498","2,534","2,574","2,673","2,798","2,813","2,873",375,15.00%
Grant,025,Wilson Creek,79135,17-Aug-26,205,203,201,204,198,196,195,206,198,202,204,204,205,205,205,205,205,205,1,0.49%
Island,029,Coupeville,15185,17-Aug-26,"1,833","1,865","1,892","1,897","1,909","1,919","1,894","1,926","1,922","1,936","1,942","1,942","1,950","1,965","1,995","2,020","2,030","2,035",93,4.79%
Island,029,Freeland,25510,17-Aug-26,"2,721","2,727","2,723","2,738","2,774","2,801","2,850","2,845","2,899","2,931","2,996","2,996","3,045","3,091","3,138","3,188","3,206","3,223",227,7.59%
Island,029,Langley,38355,17-Aug-26,"1,416","1,424","1,429","1,430","1,441","1,464","1,482","1,519","1,526","1,543","1,568","1,568","1,575","1,583","1,592","1,621","1,635","1,643",75,4.81%
Island,029,Oak Harbor,50360,17-Aug-26,"25,863","26,278","26,483","26,481","26,614","26,936","27,164","28,152","28,229","28,542","28,743","28,743","28,799","28,878","28,878","28,929","28,856","28,949",206,0.72%
Jefferson,031,Irondale - Port Hadlock,33638,17-Aug-26,"2,803","2,825","2,848","2,860","2,884","2,881","2,908","2,931","2,922","2,938","2,924","2,924","2,927","2,937","2,948","2,953","2,958","2,954",30,1.02%
Jefferson,031,Port Townsend,55855,17-Aug-26,"9,113","9,243","9,305","9,387","9,528","9,606","9,804","9,847","9,940","10,043","10,148","10,148","10,220","10,290","10,330","10,530","10,580","10,780",632,6.23%
King,033,Algona,01290,17-Aug-26,"3,014","3,065","3,079","3,091","3,111","3,140","3,224","3,210","3,219","3,246","3,290","3,290","3,290","3,300","3,315","3,335","3,335","3,335",45,1.37%
King,033,Auburn,03180,17-Aug-26,"62,772","63,673","64,373","65,832","67,366","68,636","70,713","72,385","74,605","75,787","77,243","77,243","78,040","78,690","78,760","78,890","78,976","79,008","1,765",2.29%
King,033,Auburn - Klump,03186,17-Aug-26,54,54,53,53,52,52,52,50,50,49,48,48,48,48,47,47,45,45,-3,-5.61%
King,033,Auburn - Totem,03189,17-Aug-26,265,252,238,227,218,205,195,180,165,149,132,132,131,131,131,133,136,139,7,5.35%
King,033,Bear Creek,04855,17-Aug-26,"7,572","8,198","8,707","9,049","9,878","10,242","10,546","10,407","10,495","10,858","11,027","11,027","10,988","10,959","10,964","10,965","10,958","10,941",-86,-0.78%
King,033,Beaux Arts Village,04895,17-Aug-26,299,302,303,294,301,308,310,310,311,314,317,317,315,315,315,315,310,310,-7,-2.21%
King,033,Bellevue,05210,17-Aug-26,"127,882","129,227","130,381","132,410","134,814","136,538","141,573","141,912","144,326","147,834","151,854","151,854","152,600","153,900","154,600","155,000","158,000","158,300","6,446",4.24%
King,033,Bellevue - Cougar Mountain West,05220,17-Aug-26,4,6,8,10,12,14,16,18,20,22,24,24,24,24,24,23,23,23,-1,-5.48%
King,033,Bellevue - SE 60th Street,05223,17-Aug-26,2,3,4,5,6,7,8,9,10,11,12,12,12,12,12,12,12,12,0,-4.00%
King,033,Bellevue - SE Cougar Mountain D,05226,17-Aug-26,2,3,3,4,5,6,6,7,8,8,9,9,8,5,5,4,3,0,-9,-94.56%
King,033,Bellevue - SE Cougar Mountain D,05229,17-Aug-26,0,0,0,0,0,0,0,0,0,0,11,11,10,6,6,5,4,1,-10,-94.55%
King,033,Black Diamond,06330,17-Aug-26,"4,153","4,088","4,011","3,935","3,867","3,821","3,858","3,782","3,918","4,041","4,697","4,697","5,320","6,145","6,880","7,195","7,435","7,550","2,853",60.74%
King,033,Black Diamond - Kentlake Highla,06335,17-Aug-26,"1,441","1,627","1,628","1,629","1,641","1,639","1,659","1,632","1,624","1,613","1,609","1,609","1,609","1,632","1,784","1,800","1,800","1,812",203,12.62%
King,033,Black Diamond - Lake Twelve,06340,17-Aug-26,79,79,82,83,84,85,87,86,85,85,86,86,83,83,82,83,83,83,-3,-3.11%
King,033,Bothell,07380,17-Aug-26,"23,457","23,663","23,990","24,281","24,677","25,734","26,837","26,956","27,635","28,161","28,956","28,956","28,930","29,210","29,280","30,290","31,340","31,480","2,524",8.72%
King,033,Bridle Trails State Park,07920,17-Aug-26,0,0,0,0,0,0,0,0,0,0,0,0,0,0,0,0,0,0,0,0.00%
King,033,Burien,08850,17-Aug-26,"48,069","47,700","47,602","47,862","48,014","48,639","49,899","50,395","51,312","51,577","52,066","52,066","52,430","52,490","52,560","53,000","53,320","53,470","1,404",2.70%
King,033,Carnation,10215,17-Aug-26,"1,788","1,769","1,754","1,738","1,727","1,721","1,777","1,928","2,040","2,079","2,158","2,158","2,150","2,160","2,225","2,250","2,320","2,415",257,11.91%
King,033,Carnation - 331st Avenue,10217,17-Aug-26,2,2,2,2,2,3,3,3,3,3,3,3,3,3,3,3,3,3,0,-0.17%
King,033,Carnation - Southwest at NE 40t,10221,17-Aug-26,10,10,10,10,10,10,10,10,10,10,10,10,10,10,10,10,10,10,0,-0.20%
King,033,Carnation - Tolt Home Tracts,10223,17-Aug-26,181,183,183,184,185,184,185,182,184,185,185,185,185,185,185,185,185,185,0,-0.25%
King,033,Cedar River School,10890,17-Aug-26,1,2,3,4,5,6,7,7,8,9,10,10,9,6,6,5,4,1,-9,-94.55%
King,033,Clyde Hill,13365,17-Aug-26,"2,984","2,995","2,988","2,994","3,014","3,052","3,105","3,042","3,080","3,106","3,126","3,126","3,110","3,110","3,115","3,100","3,095","3,100",-26,-0.83%
King,033,Covington,15290,17-Aug-26,"17,564","17,670","17,763","18,124","18,517","18,616","19,398","19,870","20,134","20,414","20,777","20,777","20,890","21,200","21,600","22,000","22,160","22,200","1,423",6.85%
King,033,Covington - Tahoma High School,15306,17-Aug-26,0,0,0,0,0,0,0,0,0,0,0,0,0,0,0,0,0,0,0,0.00%
King,033,Des Moines,17635,17-Aug-26,"29,667","29,770","29,769","29,857","30,203","30,395","30,988","31,087","31,448","32,033","32,888","32,888","33,100","33,160","33,260","33,400","33,540","33,690",802,2.44%
King,033,Duvall,19035,17-Aug-26,"6,719","6,720","6,860","7,052","7,227","7,236","7,305","7,294","7,427","7,606","8,034","8,034","8,125","8,320","8,530","8,780","8,810","8,910",876,10.90%
King,033,Duvall - 275th Avenue NE,19037,17-Aug-26,27,28,28,29,30,31,31,31,32,32,33,33,33,33,33,33,33,33,0,-1.38%
King,033,Duvall - Batten Road,19040,17-Aug-26,117,119,122,125,128,132,135,136,138,140,144,144,144,144,144,144,144,143,-1,-0.42%
King,033,Duvall - Snoqualmie Valley Trai,19043,17-Aug-26,0,0,0,0,0,0,0,0,0,0,0,0,0,0,0,0,0,0,0,0.00%
King,033,Duvall - South at NE 138th,19046,17-Aug-26,4,4,4,4,5,5,5,5,5,5,5,5,5,5,5,5,5,5,0,-6.28%
King,033,Duvall - Southwest at NE 143rd,19049,17-Aug-26,0,1,3,4,5,7,8,9,10,12,13,13,13,13,13,13,13,13,0,-1.22%
King,033,Enumclaw,22045,17-Aug-26,"11,090","11,099","10,987","10,945","10,915","10,932","11,191","11,106","11,288","11,820","12,543","12,543","12,830","12,910","13,090","13,350","13,400","13,440",897,7.15%
King,033,Enumclaw - 433rd Street Corner,22048,17-Aug-26,10,10,10,11,11,11,11,12,12,12,20,20,14,14,12,9,9,9,-11,-53.81%
King,033,Enumclaw - Boise Creek,22051,17-Aug-26,2,3,3,4,5,6,6,7,8,8,9,9,8,5,5,4,3,0,-9,-94.56%
King,033,Enumclaw - McHugh Avenue,22054,17-Aug-26,8,9,9,10,11,12,12,13,14,14,15,15,15,15,15,15,15,15,0,-0.28%
King,033,Enumclaw - North Hill Crest,22057,17-Aug-26,247,246,246,246,248,245,247,243,239,238,237,237,237,237,237,237,236,236,-1,-0.33%
King,033,Enumclaw - Sierra Vista,22060,17-Aug-26,116,115,114,114,114,112,113,110,109,107,106,106,96,96,94,90,90,90,-16,-15.33%
King,033,Enumclaw - Sportsman Park,22063,17-Aug-26,0,0,0,0,0,0,0,0,0,0,2,2,2,1,1,1,1,0,-2,-94.55%
King,033,Enumclaw - Thunder Mountain,22066,17-Aug-26,16,16,16,16,16,16,16,16,16,21,26,26,26,26,26,26,26,26,0,-0.25%
King,033,Enumclaw - Vanderbecks Addition,22069,17-Aug-26,24,24,24,24,24,23,23,23,23,22,22,22,22,22,22,22,22,22,0,-0.72%
King,033,Enumclaw - West Plateau,22072,17-Aug-26,328,323,327,336,343,345,352,351,352,357,360,360,360,360,362,362,364,364,4,1.24%
King,033,Federal Way,23515,17-Aug-26,"89,305","89,707","89,793","90,286","91,271","92,391","95,512","97,662","98,697","99,617","101,030","101,030","101,697","101,797","101,997","102,497","102,897","102,997","1,967",1.95%
King,033,Federal Way - Lakeland South,23518,17-Aug-26,"8,005","8,125","8,218","8,362","8,602","8,738","8,893","8,852","8,963","9,049","9,222","9,222","9,349","9,439","9,451","9,468","9,499","9,489",267,2.90%
King,033,Federal Way - North Federal Way,23521,17-Aug-26,"12,941","12,971","13,006","13,126","13,327","13,394","13,526","13,458","13,442","13,497","13,663","13,663","13,666","13,635","13,697","13,756","13,765","13,754",91,0.67%
King,033,Federal Way - Vondoenhoff,23524,17-Aug-26,0,0,0,0,0,0,0,0,0,0,0,0,0,0,0,0,0,0,0,0.00%
King,033,Fivemile Lake West,24223,17-Aug-26,634,655,670,689,714,727,747,753,763,780,805,805,856,855,856,858,860,859,54,6.72%
King,033,Grand Ridge Open Space,27900,17-Aug-26,0,0,0,0,0,0,0,0,0,0,0,0,0,0,0,0,0,0,0,0.00%
King,033,Hunts Point,32755,17-Aug-26,394,394,397,405,419,428,438,438,446,451,457,457,455,460,460,460,455,455,-2,-0.44%
King,033,Issaquah,33805,17-Aug-26,"30,438","30,742","31,127","32,114","32,943","33,483","34,883","36,124","37,313","37,921","40,051","40,051","40,640","40,950","41,290","41,500","41,560","41,590","1,539",3.84%
King,033,Issaquah - East Cougar Mountain,33808,17-Aug-26,197,199,201,204,208,211,215,215,203,204,207,207,204,203,202,196,196,195,-12,-5.69%
King,033,Kenmore,35170,17-Aug-26,"20,475","20,846","21,054","21,229","21,446","21,645","22,540","22,643","23,023","23,516","23,914","23,914","24,050","24,090","24,230","24,350","24,520","24,600",686,2.87%
King,033,Kent,35415,17-Aug-26,"118,593","118,883","119,989","121,926","123,212","125,472","127,854","129,850","132,420","133,851","136,588","136,588","137,700","137,900","139,100","140,400","141,384","141,682","5,094",3.73%
King,033,Kent - Green River,35417,17-Aug-26,0,0,0,0,0,0,0,0,0,0,0,0,0,0,0,0,0,0,0,0.00%
King,033,Kent - Midway,35419,17-Aug-26,271,274,277,285,290,293,299,299,301,304,307,307,307,307,307,307,306,306,-1,-0.34%
King,033,Kent - Orilla Road South,35427,17-Aug-26,2,2,2,3,3,3,3,4,4,4,4,4,4,4,4,4,4,4,0,-0.10%
King,033,Kent - Soos Creek Park,35421,17-Aug-26,0,0,0,0,0,0,0,0,0,0,0,0,0,0,0,0,0,0,0,0.00%
King,033,Kent - South Lake Fenwick,35423,17-Aug-26,159,156,154,152,151,149,145,141,137,127,124,124,122,120,119,118,117,114,-10,-8.07%
King,033,Kent- North Green River Park,35425,17-Aug-26,32,31,33,33,34,33,32,31,29,28,27,27,27,27,27,27,27,27,0,-1.00%
King,033,Kirkland,35940,17-Aug-26,"80,514","81,133","81,619","82,055","83,057","84,259","85,837","86,631","88,000","90,144","92,175","92,175","92,900","93,570","96,920","96,710","97,850","98,860","6,685",7.25%
King,033,Lake Forest Park,37270,17-Aug-26,"12,610","12,665","12,689","12,757","12,850","12,964","13,151","13,123","13,260","13,487","13,630","13,630","13,630","13,620","13,660","13,680","13,700","13,700",70,0.51%
King,033,Lake Sammamish,37685,17-Aug-26,0,0,0,0,0,0,0,0,0,0,0,0,0,0,0,0,0,0,0,0.00%
King,033,Lake Washington,38016,17-Aug-26,70,63,55,46,38,33,26,20,15,7,0,0,0,0,0,0,0,0,0,0.00%
King,033,Maple Valley,43150,17-Aug-26,"22,687","23,089","23,565","24,262","24,699","25,348","25,599","25,654","26,178","27,283","28,013","28,013","28,640","28,920","29,250","29,320","29,340","29,340","1,327",4.74%
King,033,Marymoor Park,43903,17-Aug-26,0,0,0,0,0,0,0,0,0,0,0,0,0,0,0,0,0,0,0,0.00%
King,033,Medina,44725,17-Aug-26,"2,970","2,935","2,908","2,878","2,893","2,900","2,937","2,914","2,917","2,886","2,915","2,915","2,920","2,915","2,925","2,920","2,915","2,915",0,0.00%
King,033,Mercer Island,45005,17-Aug-26,"22,698","22,832","22,845","22,970","23,644","23,957","24,286","24,732","24,905","25,274","25,748","25,748","25,790","25,780","25,800","25,830","25,850","25,870",122,0.47%
King,033,Milton,46020,17-Aug-26,"1,233","1,245","1,244","1,258","1,344","1,447","1,532","1,651","1,659","1,659","1,640","1,640","1,630","1,630","1,635","1,635","1,640","1,770",130,7.93%
King,033,Milton - Hylebos Creek,46023,17-Aug-26,637,615,591,569,550,521,572,675,726,698,"1,026","1,026","1,026","1,024","1,024","1,024","1,020","1,017",-9,-0.84%
King,033,Muckleshoot Reservation,47700,17-Aug-26,147,144,140,138,136,132,130,125,122,118,115,115,115,115,115,115,115,115,0,-0.38%
King,033,Newcastle,48645,17-Aug-26,"10,370","10,423","10,456","10,646","10,861","10,984","11,169","11,279","12,420","12,508","13,017","13,017","13,310","13,560","13,610","13,750","13,880","13,940",923,7.09%
King,033,Newcastle - May Valley Road,48648,17-Aug-26,6,7,7,8,9,10,10,11,12,12,13,13,13,13,13,13,13,13,0,-0.76%
King,033,Normandy Park,49415,17-Aug-26,"6,335","6,366","6,366","6,379","6,415","6,486","6,633","6,648","6,665","6,713","6,771","6,771","6,785","6,790","6,840","6,855","6,855","6,860",89,1.31%
King,033,North Bend,49485,17-Aug-26,"5,850","5,914","5,908","6,100","6,564","6,806","6,863","6,887","6,955","6,769","7,461","7,461","7,685","7,915","8,120","8,260","8,590","8,700","1,239",16.61%
King,033,North Bend - Alpine Estates,49487,17-Aug-26,211,208,206,209,213,211,209,205,198,197,205,205,209,208,208,208,208,207,2,1.03%
King,033,North Bend - Riverbend,49489,17-Aug-26,"1,679","1,674","1,674","1,682","1,701","1,693","1,708","1,668","1,648","1,639","1,636","1,636","1,640","1,636","1,640","1,640","1,639","1,637",1,0.07%
King,033,North Bend - South,49491,17-Aug-26,501,505,510,517,523,527,536,534,488,491,498,498,502,499,499,499,498,497,-1,-0.12%
King,033,North Bend - South Fork,49493,17-Aug-26,181,183,185,186,190,191,195,193,194,194,199,199,168,172,172,171,171,171,-28,-14.32%
King,033,North Green River Park,49845,17-Aug-26,0,0,0,0,0,0,0,0,0,0,0,0,0,0,0,0,0,0,0,0.00%
King,033,Pacific,52495,17-Aug-26,"6,512","6,555","6,580","6,748","6,848","6,911","7,019","7,011","7,065","7,114","7,194","7,194","7,215","7,230","7,230","7,230","7,240","7,245",51,0.71%
King,033,Pacific - Trout Lake,52560,17-Aug-26,749,752,759,767,795,800,806,802,799,800,815,815,819,818,818,821,821,819,4,0.54%
King,033,Perimeter Road,54088,17-Aug-26,0,0,0,0,0,0,0,0,0,0,0,0,0,0,0,0,0,0,0,0.00%
King,033,R & H Mining Property,57135,17-Aug-26,0,0,0,0,0,0,0,0,0,0,0,0,0,0,0,0,0,0,0,0.00%
King,033,Redmond,57535,17-Aug-26,"54,508","55,718","56,166","57,264","59,627","61,948","64,038","64,617","65,899","68,184","73,256","73,256","73,910","75,270","77,490","80,040","82,363","83,303","10,047",13.72%
King,033,Redmond - Avondale,57537,17-Aug-26,14,13,11,10,8,7,6,4,3,1,0,0,0,0,0,0,0,0,0,0.00%
King,033,Redmond - English Hill,57539,17-Aug-26,"2,615","2,624","2,631","2,656","2,698","2,739","2,780","2,773","2,796","2,800","2,815","2,815","2,815","2,808","2,809","2,813","2,816","2,809",-6,-0.20%
King,033,Redmond - NE 97th Street,57541,17-Aug-26,16,16,17,17,15,15,16,16,16,17,17,17,17,17,17,17,17,17,0,-1.86%
King,033,Redmond - Union Hill Road,57543,17-Aug-26,0,0,0,0,0,0,0,0,0,0,0,0,0,0,0,0,0,0,0,0.00%
King,033,Renton,57745,17-Aug-26,"91,941","93,787","94,466","95,963","97,685","99,342","102,486","103,217","104,801","105,818","106,785","106,785","107,100","107,466","107,866","108,766","109,666","109,766","2,981",2.79%
King,033,Renton - East Renton,57748,17-Aug-26,"5,934","5,949","5,994","6,068","6,166","6,188","6,532","6,536","6,540","6,572","6,668","6,668","6,638","6,643","6,640","6,645","6,705","6,692",24,0.36%
King,033,Renton - Fairwood,57751,17-Aug-26,"22,462","22,571","22,658","22,899","23,269","23,300","23,713","23,622","23,655","23,794","24,054","24,054","24,221","24,183","24,252","24,297","24,362","24,356",302,1.25%
King,033,Renton - Honey Creek Estates,57754,17-Aug-26,208,209,209,210,213,212,214,214,212,212,212,212,212,211,210,209,209,209,-3,-1.52%
King,033,Renton - May Creek,57757,17-Aug-26,491,489,488,490,494,488,491,483,477,468,466,466,466,465,466,466,465,463,-3,-0.60%
King,033,Renton - Sunset East,57760,17-Aug-26,38,34,30,27,21,22,29,42,38,37,35,35,35,35,35,35,35,35,0,-0.13%
King,033,Renton - West Hill,57763,17-Aug-26,"15,557","15,638","15,746","15,939","16,237","16,579","16,872","16,821","17,018","17,081","17,314","17,314","17,353","17,466","17,507","17,522","17,622","17,628",314,1.81%
King,033,Renton - White Fence Ranch,57766,17-Aug-26,262,269,274,290,302,306,314,314,317,315,323,323,323,332,330,331,331,330,7,2.24%
King,033,Ripley Lane,58638,17-Aug-26,73,72,71,71,70,69,69,68,66,65,64,64,64,64,64,66,66,66,2,3.65%
King,033,River Ridge at Daybreak,58769,17-Aug-26,86,88,90,93,106,115,118,119,120,122,130,130,130,130,130,130,129,129,-1,-0.90%
King,033,Sammamish,61115,17-Aug-26,"57,438","58,200","58,821","59,745","61,306","62,297","62,799","63,462","64,620","65,901","67,455","67,455","67,940","68,150","68,280","68,410","68,480","68,500","1,045",1.55%
King,033,Sammamish - Aldarra Golf Course,61117,17-Aug-26,3,3,3,2,2,2,1,1,1,0,0,0,0,0,0,0,0,0,0,0.00%
King,033,Sammamish - Evans Creek,61119,17-Aug-26,0,0,0,0,0,0,0,0,0,0,0,0,0,0,0,0,0,0,0,0.00%
King,033,Sammamish - Swan Ridge,61121,17-Aug-26,266,275,281,282,294,304,319,424,464,532,577,577,692,826,898,922,"1,017","1,045",468,81.08%
King,033,Sammamish - Thirty Acres Park,61123,17-Aug-26,0,0,0,0,0,0,0,0,0,0,0,0,0,0,0,0,0,0,0,0.00%
King,033,SeaTac,62288,17-Aug-26,"26,908","27,352","27,588","27,895","28,397","28,693","29,125","30,134","30,641","30,991","31,454","31,454","32,000","31,910","31,740","32,710","32,990","33,210","1,756",5.58%
King,033,Seattle,63000,17-Aug-26,"608,627","611,259","613,014","622,541","635,912","656,527","679,573","699,052","714,300","730,580","737,015","737,015","742,400","762,500","779,200","797,700","816,600","823,400","86,385",11.72%
King,033,Seattle - Lakeridge Park Estate,63055,17-Aug-26,85,85,84,84,85,85,85,84,83,83,83,83,83,83,83,83,83,83,0,-0.42%
King,033,Seattle - North Highline,63058,17-Aug-26,"17,492","17,839","18,234","18,492","19,213","19,326","19,653","19,657","19,708","19,757","20,725","20,725","20,919","21,042","21,116","21,221","21,321","21,711",986,4.76%
King,033,Shoreline,63960,17-Aug-26,"53,004","53,399","53,460","53,994","54,428","55,185","55,934","55,693","56,535","57,687","58,608","58,608","59,260","60,320","61,120","61,910","63,740","64,710","6,102",10.41%
King,033,Skykomish,64855,17-Aug-26,198,190,191,181,182,173,174,168,169,165,161,161,160,165,165,165,165,165,4,2.48%
King,033,Snoqualmie,65205,17-Aug-26,"10,668","10,986","11,336","11,732","12,174","12,935","13,241","13,251","13,516","13,873","14,121","14,121","14,490","14,490","14,500","14,520","14,550","14,550",429,3.04%
King,033,Snoqualmie - Snoqualmie Mill,65242,17-Aug-26,1,1,1,1,1,1,0,0,0,0,0,0,0,0,0,0,0,0,0,0.00%
King,033,Snoqualmie - Snoqualmie Tribe,65281,17-Aug-26,0,0,0,0,0,0,0,0,0,0,0,0,0,0,0,0,0,0,0,0.00%
King,033,Snoqualmie - Southwest,65282,17-Aug-26,674,682,693,695,710,723,712,712,724,740,750,750,754,758,753,753,755,755,5,0.63%
King,033,Snoqualmie - Weyerhaeuser East,65283,17-Aug-26,0,0,0,0,0,0,0,0,0,0,0,0,0,0,0,0,0,0,0,0.00%
King,033,Snoqualmie - Weyerhaeuser West,65284,17-Aug-26,0,0,0,0,0,0,0,0,0,0,0,0,0,0,0,0,0,0,0,0.00%
King,033,Soos Creek Park,65468,17-Aug-26,5,7,9,11,13,15,17,18,20,22,24,24,24,24,24,24,23,23,-1,-3.33%
King,033,South Trout Lake,66158,17-Aug-26,"1,149","1,155","1,150","1,157","1,252","1,292","1,300","1,283","1,278","1,274","1,301","1,301","1,301","1,300","1,302","1,304","1,301","1,300",-1,-0.06%
King,033,Tukwila,72625,17-Aug-26,"19,108","19,106","19,116","19,227","19,301","19,463","19,778","19,776","19,962","21,030","21,798","21,798","22,000","22,620","22,780","22,930","22,960","23,290","1,492",6.84%
King,033,Tukwila - Orillia Road,72628,17-Aug-26,23,22,21,21,20,19,18,17,16,13,12,12,12,12,12,12,12,12,0,-0.11%
King,033,Woodin Creek Estates,79580,17-Aug-26,58,56,54,49,61,67,86,83,86,89,89,89,89,89,89,89,89,89,0,-0.10%
King,033,Woodinville,79590,17-Aug-26,"10,964","10,979","10,969","10,998","11,243","11,266","11,622","11,618","11,837","12,456","13,069","13,069","13,100","13,450","13,830","13,900","14,060","14,350","1,281",9.80%
King,033,Yarrow Point,80150,17-Aug-26,"1,001","1,016","1,079","1,044","1,053","1,071","1,103","1,105","1,140","1,129","1,134","1,134","1,125","1,125","1,135","1,135","1,130","1,130",-4,-0.35%
Kitsap,035,Bainbridge Island,03736,17-Aug-26,"22,818","22,453","22,628","22,739","22,914","22,958","23,290","23,447","23,907","24,061","24,825","24,825","24,930","25,060","25,180","25,330","25,530","25,650",825,3.32%
Kitsap,035,Bremerton,07695,17-Aug-26,"39,716","40,467","41,815","40,408","41,081","42,791","43,856","44,268","45,527","46,276","43,505","43,505","43,970","45,220","44,640","45,390","45,890","46,310","2,805",6.45%
Kitsap,035,Bremerton East,07700,17-Aug-26,"4,056","4,110","4,125","4,173","4,241","4,261","4,292","4,424","4,482","4,527","4,604","4,604","4,601","4,613","4,627","4,611","4,593","4,589",-15,-0.32%
Kitsap,035,Bremerton West,07785,17-Aug-26,"4,544","4,561","4,581","4,643","4,678","4,710","4,747","4,841","4,921","4,968","5,096","5,096","5,079","5,098","5,147","5,122","5,114","5,121",25,0.49%
Kitsap,035,Central Kitsap,11165,17-Aug-26,"22,393","22,281","22,365","22,658","22,904","23,077","23,318","23,610","23,920","24,187","24,741","24,741","24,806","24,888","25,163","25,147","25,650","25,825","1,084",4.38%
Kitsap,035,Gorst,27680,17-Aug-26,220,230,233,240,244,249,250,255,259,263,272,272,267,267,267,266,265,264,-8,-2.89%
Kitsap,035,Kingston,35870,17-Aug-26,"2,038","2,024","2,058","2,093","2,166","2,200","2,222","2,251","2,304","2,368","2,435","2,435","2,464","2,475","2,491","2,563","2,667","2,707",272,11.17%
Kitsap,035,Port Orchard,55785,17-Aug-26,"26,290","26,398","27,031","27,164","27,664","28,012","28,548","28,901","29,324","29,728","30,957","30,957","31,413","31,883","33,005","33,834","34,862","36,170","5,213",16.84%
Kitsap,035,Poulsbo,55995,17-Aug-26,"9,639","9,484","9,683","9,924","10,260","10,503","10,908","11,062","11,338","11,754","12,503","12,503","12,527","12,712","12,940","13,547","13,648","14,051","1,548",12.38%
Kitsap,035,Puget Sound Industrial Center,56573,17-Aug-26,108,107,109,112,114,116,118,121,123,125,133,133,130,130,130,129,128,128,-5,-3.74%
Kitsap,035,Silverdale,64365,17-Aug-26,"17,898","17,814","17,855","18,082","18,365","18,535","18,723","18,920","19,101","19,342","19,675","19,675","19,897","20,050","20,285","20,735","21,059","21,244","1,569",7.97%
Kittitas,037,Cle Elum,12945,17-Aug-26,"1,888","1,911","1,921","1,938","1,985","1,979","1,999","2,014","2,030","2,088","2,190","2,190","2,245","2,285","2,290","2,301","2,336","2,351",161,7.33%
Kittitas,037,Ellensburg,21240,17-Aug-26,"20,210","20,384","20,391","20,344","20,699","20,999","21,550","21,765","21,917","22,269","20,913","23,044","21,169","22,545","22,527","22,688","22,997","23,237",193,0.84%
Kittitas,037,Kittitas,36045,17-Aug-26,"1,408","1,454","1,471","1,456","1,497","1,467","1,465","1,495","1,505","1,514","1,494","1,494","1,496","1,495","1,496","1,501","1,501","1,501",7,0.44%
Kittitas,037,Roslyn,60055,17-Aug-26,901,910,917,917,936,933,938,940,956,961,955,955,957,962,962,972,972,971,16,1.73%
Kittitas,037,South Cle Elum,65765,17-Aug-26,591,599,599,599,611,613,617,620,626,634,627,627,628,633,633,638,643,648,21,3.27%
Klickitat,039,Dallesport,16550,17-Aug-26,"1,229","1,246","1,252","1,280","1,304","1,300","1,317","1,326","1,341","1,359","1,361","1,361","1,378","1,368","1,364","1,370","1,386","1,401",40,2.91%
Klickitat,039,Lyle,40735,17-Aug-26,485,487,486,485,484,478,481,488,494,491,492,492,495,494,489,493,503,506,14,2.82%
Klickitat,039,White Salmon - Bingen,78333,17-Aug-26,"4,326","4,338","4,357","4,354","4,398","4,470","4,508","4,556","4,592","4,706","4,748","4,748","4,772","4,779","4,792","4,818","4,834","4,847",99,2.08%
Klickitat,039,Wishram,79485,17-Aug-26,344,351,350,349,352,351,352,352,352,353,351,351,359,437,444,446,447,443,92,26.26%
Lewis,041,Cardinal Glass,10020,17-Aug-26,0,0,0,0,0,0,0,0,0,0,0,0,0,0,0,0,0,0,0,0.00%
Lewis,041,Centralia,11160,17-Aug-26,"19,868","20,151","20,370","20,471","20,717","20,891","21,099","21,409","21,626","21,862","22,242","22,242","22,334","22,387","22,407","22,476","22,672","23,060",818,3.68%
Lewis,041,Chehalis,11475,17-Aug-26,"9,380","9,510","9,627","9,691","9,799","9,848","10,009","10,017","10,057","10,106","9,955","9,955","9,839","9,843","9,855","9,927","9,945","10,016",61,0.61%
Lewis,041,Industrial Park of TransAlta,33308,17-Aug-26,0,0,0,0,0,0,0,0,0,0,0,0,0,0,0,0,0,0,0,0.00%
Lewis,041,Morton,47175,17-Aug-26,"1,370","1,358","1,345","1,329","1,320","1,310","1,294","1,284","1,275","1,262","1,269","1,269","1,287","1,298","1,307","1,308","1,317","1,319",50,3.98%
Lewis,041,Mossyrock,47315,17-Aug-26,849,846,840,831,838,817,808,832,827,830,857,857,866,868,872,885,902,907,50,5.85%
Lewis,041,Napavine,47980,17-Aug-26,"1,792","1,797","1,809","1,812","1,835","1,865","1,892","1,926","1,957","1,885","1,905","1,905","1,912","1,972","2,011","2,056","2,066","2,067",162,8.52%
Lewis,041,Onalaska,51410,17-Aug-26,384,394,395,400,403,409,415,426,415,415,420,420,423,425,426,436,433,433,13,3.09%
Lewis,041,Pe Ell,53930,17-Aug-26,643,646,644,639,639,647,647,652,652,653,656,656,648,657,662,662,667,677,21,3.23%
Lewis,041,Toledo,71785,17-Aug-26,761,755,746,734,734,725,713,707,695,685,694,694,698,747,759,764,735,740,46,6.59%
Lewis,041,Vader,73780,17-Aug-26,851,855,855,850,855,854,855,851,853,869,874,874,890,899,893,907,935,959,85,9.76%
Lewis,041,Winlock,79275,17-Aug-26,"1,663","1,677","1,695","1,707","1,726","1,747","1,765","1,779","1,799","1,814","1,896","1,896","2,007","2,116","2,255","2,532","2,586","2,691",795,41.94%
Mason,045,Allyn,01430,17-Aug-26,"1,973","1,982","1,993","2,016","2,022","2,030","2,040","2,092","2,131","2,186","2,208","2,208","2,272","2,282","2,320","2,322","2,332","2,344",136,6.17%
Mason,045,Belfair,05140,17-Aug-26,997,994,993,988,990,995,999,"1,002","1,012","1,014","1,008","1,008","1,010","1,012","1,054","1,166","1,211","1,211",203,20.11%
Mason,045,Shelton,63735,17-Aug-26,"13,563","13,611","13,646","13,769","13,836","13,919","14,016","14,045","13,993","14,017","14,290","14,290","14,342","14,378","14,368","14,323","14,359","14,402",112,0.78%
Pacific,049,Ilwaco,33000,17-Aug-26,"1,017","1,031","1,049","1,063","1,079","1,088","1,106","1,120","1,149","1,154","1,170","1,170","1,168","1,201","1,200","1,239","1,226","1,222",52,4.45%
Pacific,049,Long Beach,40070,17-Aug-26,"1,444","1,462","1,487","1,514","1,530","1,552","1,585","1,612","1,627","1,642","1,747","1,747","1,759","1,774","1,788","1,804","1,791","1,791",44,2.52%
Pacific,049,Raymond,57430,17-Aug-26,"3,019","3,033","3,071","3,096","3,102","3,127","3,156","3,157","3,165","3,161","3,208","3,208","3,202","3,218","3,238","3,287","3,282","3,286",78,2.44%
Pacific,049,Seaview,63140,17-Aug-26,499,511,521,519,531,543,560,576,592,611,638,638,639,642,641,651,650,646,8,1.20%
Pacific,049,South Bend,65625,17-Aug-26,"1,888","1,900","1,899","1,910","1,911","1,906","1,924","1,935","1,943","1,936","1,951","1,951","1,955","1,941","1,960","1,951","1,942","1,960",9,0.48%
Pend Oreille,051,Cusick,16340,17-Aug-26,331,328,324,313,306,297,288,286,278,269,282,282,282,287,292,302,317,317,35,12.59%
Pend Oreille,051,Ione,33560,17-Aug-26,658,657,657,657,656,649,650,654,642,641,637,637,634,634,634,641,645,647,10,1.51%
Pend Oreille,051,Metaline,45285,17-Aug-26,173,176,175,174,184,174,178,168,166,164,162,162,160,160,160,160,160,155,-7,-4.32%
Pend Oreille,051,Metaline Falls,45320,17-Aug-26,294,300,302,305,308,304,307,315,316,316,321,321,322,323,322,323,323,325,4,1.34%
Pend Oreille,051,Newport,48820,17-Aug-26,"2,263","2,282","2,268","2,256","2,255","2,260","2,234","2,244","2,225","2,214","2,228","2,228","2,234","2,244","2,248","2,242","2,261","2,290",62,2.79%
Pierce,053,Auburn,03180,17-Aug-26,"7,593","7,830","7,982","9,025","9,404","9,697","9,812","9,972","10,020","9,975","10,215","10,215","10,246","10,265","10,270","10,270","10,273","10,275",60,0.59%
Pierce,053,Bonney Lake,07170,17-Aug-26,"19,658","19,885","20,143","20,482","21,118","22,150","22,776","23,370","23,695","23,817","24,613","23,876","25,656","25,134","25,397","25,460","25,591","25,651","1,775",7.43%
Pierce,053,Browns Point,08325,17-Aug-26,"2,084","2,076","2,084","2,089","2,094","2,087","2,111","2,135","2,142","2,166","2,150","2,150","2,171","2,175","2,190","2,189","2,197","2,199",49,2.30%
Pierce,053,Buckley,08570,17-Aug-26,"4,355","4,332","4,322","4,305","4,357","4,343","4,437","4,536","4,609","4,685","5,114","5,114","5,300","5,315","5,555","5,740","5,785","5,905",791,15.47%
Pierce,053,Carbonado,09970,17-Aug-26,609,617,622,628,636,647,674,710,716,719,745,745,751,751,756,766,761,766,21,2.80%
Pierce,053,DuPont,18965,17-Aug-26,"8,197","8,487","8,728","9,030","9,119","9,167","9,234","9,266","9,241","9,219","10,151","10,151","10,180","10,180","10,180","10,180","10,190","10,190",39,0.38%
Pierce,053,Eatonville,20260,17-Aug-26,"2,953","2,972","2,975","2,998","3,025","3,058","3,104","3,124","3,122","3,121","3,115","3,115","3,152","3,167","3,177","3,184","3,212","3,227",112,3.58%
Pierce,053,Edgewood,20645,17-Aug-26,"9,375","9,434","9,463","9,517","9,636","9,744","9,902","10,612","11,213","11,594","12,327","12,327","13,110","13,520","13,590","14,080","14,120","14,160","1,833",14.87%
Pierce,053,Enumclaw,22045,17-Aug-26,0,0,0,0,0,0,0,0,0,0,0,0,0,0,0,0,0,0,0,0.00%
Pierce,053,Fife,23795,17-Aug-26,"9,575","9,717","9,808","9,947","10,177","10,400","10,868","11,154","11,245","11,331","11,395","11,395","11,545","11,528","11,518","11,686","11,674","11,814",419,3.68%
Pierce,053,Fircrest,23970,17-Aug-26,"6,539","6,602","6,667","6,728","6,814","6,879","6,985","7,048","7,167","7,198","7,156","7,156","7,195","7,215","7,235","7,230","7,240","7,250",94,1.31%
Pierce,053,Frederickson,25475,17-Aug-26,"21,593","22,285","23,153","24,045","25,064","25,852","26,580","27,685","28,794","29,457","29,795","29,795","30,324","31,116","31,423","31,515","31,652","32,003","2,208",7.41%
Pierce,053,Gig Harbor,26735,17-Aug-26,"13,663","13,854","14,013","14,467","14,952","15,565","16,207","16,918","17,856","18,369","19,273","19,273","19,461","19,649","20,261","20,417","20,417","20,584","1,311",6.80%
Pierce,053,Graham,27785,17-Aug-26,"7,096","7,753","8,273","8,616","8,872","9,212","9,565","9,779","10,168","11,083","12,042","12,042","12,644","13,180","14,024","14,927","15,395","16,000","3,958",32.87%
Pierce,053,Lakewood,38038,17-Aug-26,"74,602","79,287","79,499","78,860","79,751","78,983","80,496","80,957","81,987","82,610","86,017","86,017","85,979","85,719","86,058","86,245","86,275","85,618",-399,-0.46%
Pierce,053,Mid-County,45475,17-Aug-26,"9,261","9,300","9,327","9,400","9,729","9,828","10,053","10,620","11,294","11,864","12,219","12,219","12,241","12,261","12,387","12,353","12,525","13,105",886,7.25%
Pierce,053,Midland,45495,17-Aug-26,"8,078","8,088","8,161","8,240","8,303","8,451","8,595","8,743","8,881","8,954","8,928","8,928","8,925","8,926","8,963","8,920","9,012","9,039",111,1.25%
Pierce,053,Milton,46020,17-Aug-26,"6,708","6,766","6,812","6,896","6,989","7,094","7,070","7,194","7,237","7,281","7,327","7,327","7,334","7,334","7,349","7,388","7,421","7,461",134,1.83%
Pierce,053,Orting,52005,17-Aug-26,"6,738","6,815","6,866","7,045","7,245","7,513","7,809","8,155","8,470","8,756","9,041","9,041","9,010","9,055","9,110","9,125","9,125","9,160",119,1.32%
Pierce,053,Pacific,52495,17-Aug-26,105,98,99,99,94,85,68,69,53,48,49,49,48,48,48,48,48,48,-1,-2.49%
Pierce,053,Parkland,53335,17-Aug-26,"63,457","64,469","65,823","66,840","67,893","69,174","70,581","72,253","73,515","74,691","74,442","74,442","73,974","74,518","74,831","74,661","74,836","75,663","1,221",1.64%
Pierce,053,Pierce County (remainder),54243,17-Aug-26,"8,366","8,451","8,552","8,666","8,787","8,888","9,027","8,791","8,940","9,096","9,057","9,057","8,846","8,902","9,029","8,963","8,971","9,011",-46,-0.51%
Pierce,053,Puyallup,56695,17-Aug-26,"43,302","43,602","43,950","44,336","45,505","45,904","46,588","47,325","47,810","48,184","49,367","49,367","49,481","49,733","50,015","50,052","50,436","50,757","1,390",2.82%
Pierce,053,Roy,60160,17-Aug-26,800,805,815,816,820,820,822,833,834,837,834,834,832,832,832,832,837,837,3,0.37%
Pierce,053,Ruston,60510,17-Aug-26,749,754,760,802,842,920,954,997,"1,014","1,028","1,055","1,055","1,060","1,060","1,065","1,065","1,075","1,080",25,2.37%
Pierce,053,South Hill,65922,17-Aug-26,"51,418","51,757","52,214","52,933","53,934","55,187","56,323","57,689","59,344","61,466","62,279","62,279","63,090","64,514","65,435","65,615","66,213","67,220","4,941",7.93%
Pierce,053,South Prairie,66045,17-Aug-26,439,430,418,407,397,386,375,364,352,385,388,388,390,635,660,640,640,645,257,66.20%
Pierce,053,Steilacoom,67770,17-Aug-26,"5,988","6,047","6,086","6,141","6,214","6,299","6,393","6,668","6,715","6,745","6,727","6,727","6,745","6,790","6,825","6,845","6,860","6,890",163,2.42%
Pierce,053,Sumner,68435,17-Aug-26,"10,846","11,056","11,181","11,336","11,456","11,632","11,751","12,043","12,218","12,319","12,456","12,456","12,531","12,712","12,806","13,108","13,232","13,237",781,6.27%
Pierce,053,Tacoma,70000,17-Aug-26,"199,711","201,443","202,982","204,305","206,372","208,525","213,439","216,296","218,011","220,450","221,013","221,013","220,436","222,609","224,215","226,903","229,792","232,392","11,379",5.15%
Pierce,053,Tehaleh,70543,17-Aug-26,367,564,993,"1,562","1,498","1,844","2,300","1,829","1,957","3,082","5,616","5,616","7,039","8,728","9,731","10,396","11,095","11,407","5,791",103.11%
Pierce,053,University Place,73465,17-Aug-26,"31,118","31,425","31,701","32,019","32,473","33,002","33,791","34,377","34,623","34,671","34,866","34,866","35,100","35,420","35,580","35,970","36,140","36,490","1,624",4.66%
Pierce,053,Wilkeson,78925,17-Aug-26,476,476,487,488,491,492,499,500,501,501,499,499,495,495,495,500,495,500,1,0.20%
San Juan,055,East Sound,19980,17-Aug-26,"1,078","1,093","1,097","1,095","1,109","1,108","1,120","1,130","1,141","1,159","1,200","1,200","1,224","1,231","1,237","1,246","1,249","1,254",54,4.52%
San Juan,055,Friday Harbor,25615,17-Aug-26,"2,196","2,229","2,210","2,277","2,303","2,345","2,398","2,407","2,502","2,576","2,672","2,672","2,689","2,739","2,774","2,799","2,804","2,814",142,5.30%
San Juan,055,Lopez Village,40420,17-Aug-26,163,169,174,184,191,199,204,210,216,226,233,233,238,240,245,247,251,251,18,7.77%
Skagit,057,Anacortes,01990,17-Aug-26,"15,860","15,971","16,089","16,220","16,318","16,401","16,610","16,674","16,980","17,532","17,740","17,740","17,853","17,983","18,123","18,373","18,453","18,513",773,4.36%
Skagit,057,Bay View Ridge,04792,17-Aug-26,"1,657","1,644","1,634","1,618","1,607","1,606","1,624","1,629","1,655","1,686","1,692","1,692","1,694","1,695","1,696","1,694","1,711","1,712",20,1.17%
Skagit,057,Burlington,08920,17-Aug-26,"10,722","10,772","10,804","10,821","10,818","10,884","11,079","11,056","11,431","11,506","11,455","11,455","11,594","12,110","12,216","12,718","13,217","13,508","2,053",17.92%
Skagit,057,Concrete,14380,17-Aug-26,866,873,881,878,889,897,905,906,913,924,939,939,943,949,949,952,956,958,19,2.00%
Skagit,057,Hamilton,29255,17-Aug-26,308,308,310,315,316,316,316,309,312,311,306,306,301,302,301,299,298,294,-12,-4.08%
Skagit,057,La Conner,36780,17-Aug-26,856,857,872,872,881,883,894,910,935,955,965,965,970,980,990,995,"1,000","1,000",35,3.63%
Skagit,057,Lyman,40770,17-Aug-26,438,439,437,436,438,435,437,436,436,428,423,423,420,425,425,430,440,445,22,5.20%
Skagit,057,Mount Vernon,47560,17-Aug-26,"33,676","33,868","34,167","34,739","35,282","35,597","35,730","35,877","36,567","36,948","37,404","37,404","37,568","37,679","37,766","37,974","38,222","38,263",859,2.30%
Skagit,057,Sedro-Woolley,63210,17-Aug-26,"12,412","12,521","12,628","12,696","12,752","12,874","12,770","13,265","13,155","13,519","13,918","13,918","13,833","14,095","14,405","14,586","14,864","15,023","1,105",7.94%
Skagit,057,Swinomish,69312,17-Aug-26,"2,470","2,464","2,460","2,455","2,453","2,460","2,494","2,516","2,546","2,569","2,563","2,563","2,565","2,565","2,570","2,570","2,567","2,569",6,0.22%
Skamania,059,Carson,10320,17-Aug-26,"2,208","2,198","2,190","2,184","2,199","2,194","2,193","2,223","2,247","2,257","2,235","2,235","2,254","2,278","2,281","2,283","2,294","2,290",55,2.47%
Skamania,059,Home Valley,32055,17-Aug-26,192,191,189,188,191,189,196,197,198,206,202,202,207,213,219,219,219,215,13,6.67%
Skamania,059,North Bonneville,49555,17-Aug-26,958,961,989,992,987,982,979,973,966,974,"1,397",965,970,975,975,985,985,985,20,2.07%
Skamania,059,Stevenson,67875,17-Aug-26,"1,977","1,995","1,988","1,969","1,949","1,951","1,944","1,931","1,918","1,950","1,984","1,984","2,021","2,045","2,071","2,102","2,120","2,121",137,6.93%
Snohomish,061,Arlington,02585,17-Aug-26,"18,518","18,532","18,519","18,815","18,873","18,884","18,948","18,893","19,375","19,447","20,418","20,418","21,239","21,748","22,229","23,469","23,566","23,876","3,458",16.94%
Snohomish,061,Bothell,07380,17-Aug-26,"39,398","40,242","41,405","43,267","44,918","46,342","47,745","48,691","50,027","51,545","53,504","53,504","54,054","54,771","55,564","55,715","55,897","56,193","2,689",5.03%
Snohomish,061,Brier,07940,17-Aug-26,"7,803","7,825","7,890","8,017","8,039","8,178","8,178","8,171","8,228","8,311","8,388","8,388","8,426","8,466","8,557","8,583","8,623","8,667",279,3.32%
Snohomish,061,Darrington,16690,17-Aug-26,"1,422","1,430","1,436","1,451","1,459","1,459","1,464","1,514","1,522","1,543","1,564","1,564","1,572","1,592","1,607","1,619","1,627","1,627",63,4.06%
Snohomish,061,Edmonds,20750,17-Aug-26,"43,330","43,600","43,624","43,932","44,036","44,459","44,872","45,083","45,922","46,485","46,860","46,860","46,910","47,022","47,521","47,712","47,828","48,133","1,273",2.72%
Snohomish,061,Everett,22640,17-Aug-26,"144,006","144,797","145,447","146,957","148,232","149,489","151,817","153,280","156,078","156,935","158,319","158,319","160,106","161,540","162,565","163,636","163,630","163,832","5,513",3.48%
Snohomish,061,Gold Bar,27365,17-Aug-26,"2,925","2,930","2,943","2,984","3,008","3,046","3,073","3,087","3,162","3,159","3,211","3,211","3,245","3,123","3,140","3,150","3,194","3,271",60,1.87%
Snohomish,061,Granite Falls,27995,17-Aug-26,"3,512","3,471","3,626","3,686","3,739","3,768","3,812","3,928","4,027","4,131","4,597","4,597","4,640","4,855","4,927","4,915","4,915","4,906",309,6.72%
Snohomish,061,Index,33175,17-Aug-26,179,180,177,176,174,151,154,161,159,157,155,155,155,155,155,160,170,170,15,9.68%
Snohomish,061,Lake Stevens,37995,17-Aug-26,"32,906","33,374","34,019","34,903","35,372","36,262","37,606","38,569","39,698","40,569","41,023","41,023","42,388","42,746","43,308","43,587","44,218","44,627","3,604",8.78%
Snohomish,061,Lake Stickney Gap,38005,17-Aug-26,"7,809","7,893","8,034","8,347","8,712","9,103","9,395","9,569","10,138","10,862","11,042","11,042","11,628","12,102","12,250","12,292","12,439","12,679","1,637",14.83%
Snohomish,061,Larch Way Overlap,38422,17-Aug-26,"3,210","3,254","3,281","3,259","3,846","4,019","4,048","4,203","4,534","4,814","4,999","4,999","5,227","5,507","5,500","5,482","5,654","5,722",723,14.46%
Snohomish,061,Lynnwood,40840,17-Aug-26,"63,006","63,104","63,662","63,871","64,840","67,405","69,193","71,433","70,728","72,770","74,220","74,220","74,452","74,840","77,882","79,524","80,719","81,357","7,137",9.62%
Snohomish,061,Maltby,42415,17-Aug-26,126,129,132,135,136,140,141,146,147,148,164,164,164,164,164,164,163,163,-1,-0.65%
Snohomish,061,Marysville,43955,17-Aug-26,"60,204","61,436","62,534","63,874","64,859","66,021","66,914","67,655","68,961","70,086","70,911","70,911","71,444","72,574","73,975","74,584","75,831","77,008","6,097",8.60%
Snohomish,061,Mill Creek,45865,17-Aug-26,"54,299","55,300","56,812","58,546","60,491","63,241","65,175","67,274","69,600","70,929","72,975","72,975","73,608","74,695","75,073","75,413","76,029","76,492","3,517",4.82%
Snohomish,061,Monroe,46685,17-Aug-26,"18,787","18,808","18,773","18,890","19,140","19,043","19,319","19,466","19,894","20,367","21,266","21,266","21,753","21,744","21,914","22,193","22,491","22,409","1,143",5.38%
Snohomish,061,Mountlake Terrace,47490,17-Aug-26,"19,933","20,048","20,123","20,231","20,558","20,993","20,926","20,992","21,251","21,298","21,309","21,309","22,003","22,093","23,833","24,283","24,661","24,769","3,460",16.24%
Snohomish,061,Mukilteo,47735,17-Aug-26,"32,382","32,582","32,801","33,231","33,693","34,584","35,086","36,003","36,511","36,947","37,122","37,122","37,260","37,558","37,654","37,806","38,043","38,048",926,2.49%
Snohomish,061,Paine Field,52735,17-Aug-26,18,19,19,20,21,21,22,23,24,24,50,50,50,50,50,49,49,49,-1,-2.12%
Snohomish,061,Silver Firs Gap,64390,17-Aug-26,"15,610","15,593","15,527","15,557","15,544","15,591","15,637","15,712","15,811","15,888","15,841","15,841","15,817","15,871","16,058","16,070","16,492","16,736",895,5.65%
Snohomish,061,Snohomish,65170,17-Aug-26,"10,459","10,557","10,554","10,563","10,603","10,666","10,875","11,211","11,355","11,424","11,526","11,526","11,558","11,600","11,734","11,750","11,897","12,166",640,5.56%
Snohomish,061,Stanwood,67455,17-Aug-26,"6,380","6,433","6,557","6,662","6,905","6,976","7,062","7,225","7,329","7,578","7,847","7,847","8,122","8,547","8,719","8,998","9,083","9,458","1,611",20.53%
Snohomish,061,Sultan,68260,17-Aug-26,"4,698","4,678","4,645","4,622","4,595","4,552","4,689","4,801","4,780","4,886","5,201","5,201","5,425","6,298","6,768","7,198","7,443","7,518","2,317",44.54%
Snohomish,061,Woodway,79835,17-Aug-26,"1,307","1,305","1,305","1,294","1,301","1,316","1,310","1,304","1,317","1,328","1,318","1,318","1,325","1,330","1,340","1,345","1,345","1,340",22,1.67%
Spokane,063,Airway Heights,00905,17-Aug-26,"7,554","7,520","7,703","7,673","7,487","8,813","8,915","8,989","9,689","10,195","10,785","10,785","10,788","11,068","11,308","12,098","12,148","12,167","1,382",12.82%
Spokane,063,Alcott,01028,17-Aug-26,294,313,345,384,539,598,629,653,669,697,748,748,846,910,917,939,975,996,248,33.10%
Spokane,063,Cheney,11825,17-Aug-26,"10,612","10,932","11,068","11,423","11,768","11,999","12,323","12,611","12,806","13,093","13,301","13,301","12,436","12,966","13,206","13,196","13,225","13,175",-126,-0.95%
Spokane,063,Deer Park,17320,17-Aug-26,"3,788","3,796","3,817","3,883","3,934","4,032","4,088","4,189","4,370","4,522","4,555","4,555","4,691","4,842","5,096","5,274","5,308","5,738","1,183",25.97%
Spokane,063,Fairfield,22990,17-Aug-26,620,598,598,607,602,597,598,594,591,591,590,590,601,601,601,601,601,601,11,1.86%
Spokane,063,Five Mile,24218,17-Aug-26,354,367,392,413,442,457,477,496,515,533,553,553,567,583,584,580,583,578,25,4.56%
Spokane,063,Hillyard,31425,17-Aug-26,33,33,33,34,34,34,34,34,35,35,35,35,35,35,35,34,34,33,-2,-4.30%
Spokane,063,Indian Canyon,33254,17-Aug-26,61,63,63,62,61,59,58,57,58,58,57,57,57,57,57,57,56,56,-1,-1.98%
Spokane,063,Latah,38495,17-Aug-26,183,194,192,191,189,188,187,186,185,184,191,191,191,191,191,191,191,191,0,-0.07%
Spokane,063,Liberty Lake,39335,17-Aug-26,"7,664","7,822","8,053","8,377","8,896","9,229","9,634","10,267","10,838","11,505","12,061","12,061","12,538","12,925","13,205","13,925","14,165","14,844","2,783",23.07%
Spokane,063,Medical Lake,44690,17-Aug-26,"5,066","4,904","4,897","4,904","4,906","4,867","4,869","4,904","4,909","4,914","4,887","4,887","4,883","4,853","4,928","4,847","4,912","4,902",15,0.31%
Spokane,063,Millwood,45985,17-Aug-26,"1,786","1,791","1,795","1,803","1,802","1,810","1,820","1,826","1,838","1,850","1,881","1,881","1,915","1,915","1,925","1,925","1,925","1,925",44,2.34%
Spokane,063,Moran-Glenrose,47018,17-Aug-26,"7,385","7,442","7,514","7,550","7,659","7,720","7,783","7,932","7,981","8,139","8,219","8,219","8,304","8,474","8,504","8,512","8,507","8,502",283,3.45%
Spokane,063,North Metro,49996,17-Aug-26,"28,065","28,144","28,577","28,763","29,201","29,534","29,954","30,690","31,648","32,283","34,046","34,046","33,948","34,410","34,368","34,686","35,796","35,930","1,884",5.53%
Spokane,063,Pillar Rock,54307,17-Aug-26,79,145,162,187,213,289,338,389,426,396,448,448,515,555,579,645,668,726,278,62.14%
Spokane,063,Rockford,59145,17-Aug-26,495,498,499,500,500,501,503,515,518,525,530,530,528,553,578,613,628,638,108,20.35%
Spokane,063,Seven Mile,63455,17-Aug-26,881,882,880,879,882,879,872,875,896,902,902,902,903,908,911,912,914,912,10,1.12%
Spokane,063,Shawnee,63655,17-Aug-26,29,28,27,27,25,24,23,35,35,34,36,36,36,36,36,36,36,35,-1,-1.45%
Spokane,063,Spangle,66290,17-Aug-26,289,290,289,288,286,285,280,279,279,283,294,294,294,294,294,299,299,298,4,1.51%
Spokane,063,Spokane,67000,17-Aug-26,"209,477","210,330","210,894","212,867","214,558","215,657","218,219","221,245","224,679","227,302","228,989","228,989","229,400","230,900","232,700","233,000","234,700","235,900","6,911",3.02%
Spokane,063,Spokane Valley,67167,17-Aug-26,"90,301","91,224","92,144","93,580","94,608","96,321","97,883","99,193","101,022","102,553","103,703","103,703","105,231","107,863","108,167","109,571","110,982","111,592","7,889",7.61%
Spokane,063,Upriver,73664,17-Aug-26,"1,426","1,429","1,435","1,448","1,499","1,537","1,568","1,584","1,600","1,658","1,676","1,676","1,674","1,762","1,772","1,789","1,835","1,939",263,15.69%
Spokane,063,Valley (Spokane County),73882,17-Aug-26,"8,958","9,318","9,739","10,117","10,604","10,967","11,315","11,862","12,470","13,108","13,984","13,984","14,368","14,904","15,017","15,377","15,870","16,390","2,406",17.21%
Spokane,063,Waverly,76720,17-Aug-26,106,101,95,103,105,101,100,108,115,119,121,121,120,120,120,125,125,125,4,3.31%
Spokane,063,West Plains-Thorpe,77621,17-Aug-26,"3,133","3,281","3,345","3,445","3,637","3,739","3,880","3,981","4,069","4,240","4,505","4,505","4,642","5,367","5,564","6,088","6,841","7,244","2,739",60.79%
Stevens,065,Addy,00380,17-Aug-26,269,263,256,250,243,237,232,224,218,211,210,210,209,210,209,208,208,208,-2,-1.13%
Stevens,065,Chewelah,12140,17-Aug-26,"2,618","2,607","2,597","2,570","2,558","2,574","2,555","2,525","2,509","2,578","2,494","2,494","2,509","2,559","2,604","2,668","2,698","2,703",209,8.38%
Stevens,065,Clayton,12735,17-Aug-26,292,295,298,302,305,307,307,310,313,303,310,310,311,312,306,307,308,310,0,0.09%
Stevens,065,Colville,14170,17-Aug-26,"5,073","5,118","5,140","5,142","5,184","5,213","5,253","5,250","5,265","5,287","5,318","5,318","5,312","5,302","5,329","5,361","5,351","5,438",120,2.26%
Stevens,065,Hunters,32685,17-Aug-26,75,73,72,71,73,71,70,70,68,69,71,71,71,71,71,71,70,70,-1,-1.39%
Stevens,065,Kettle Falls,35485,17-Aug-26,"1,847","1,868","1,871","1,873","1,904","1,914","1,923","1,929","1,952","1,968","1,946","1,946","1,964","1,960","1,949","1,948","1,952","1,933",-13,-0.66%
Stevens,065,Lake Spokane,37890,17-Aug-26,"5,057","5,062","5,068","5,047","5,055","5,058","5,080","5,108","5,149","5,184","5,146","5,146","5,186","5,207","5,262","5,275","5,282","5,290",144,2.80%
Stevens,065,Marcus,43395,17-Aug-26,199,197,205,212,224,226,233,239,245,252,256,256,255,255,255,255,255,260,4,1.43%
Stevens,065,Northport,50045,17-Aug-26,294,296,296,292,294,300,301,300,299,299,297,297,295,295,295,295,295,295,-2,-0.67%
Stevens,065,Springdale,67210,17-Aug-26,285,272,264,256,253,250,245,256,248,240,234,234,240,283,290,295,305,305,71,30.34%
Stevens,065,Valley (Stevens County),73885,17-Aug-26,149,150,150,151,157,158,160,161,161,160,159,159,159,159,158,160,160,161,2,1.11%
Thurston,067,Bucoda,08605,17-Aug-26,561,562,565,568,571,578,581,593,593,599,600,600,595,610,620,620,630,630,30,5.00%
Thurston,067,Grandmound,27890,17-Aug-26,"1,343","1,222","1,364","1,353","1,408","1,386","1,391","1,313","1,348","1,358","1,358","1,358","1,406","1,407","1,406","1,487","1,471","1,495",137,10.10%
Thurston,067,Lacey,36745,17-Aug-26,"75,549","76,402","77,595","78,659","80,109","81,100","83,227","85,194","87,306","88,627","91,267","91,267","92,816","93,749","95,110","96,411","97,040","97,503","6,236",6.83%
Thurston,067,Olympia,51300,17-Aug-26,"58,287","59,022","60,085","61,436","62,933","64,044","64,556","65,411","66,327","66,948","68,095","67,872","68,486","68,909","69,602","70,482","71,156","71,856","3,984",5.87%
Thurston,067,Rainier,57220,17-Aug-26,"1,903","1,955","1,973","2,009","2,084","2,141","2,166","2,165","2,282","2,391","2,502","2,502","2,573","2,647","2,692","2,702","2,727","2,727",225,8.98%
Thurston,067,Tenino,70630,17-Aug-26,"1,713","1,725","1,734","1,741","1,765","1,772","1,812","1,826","1,836","1,893","1,896","1,896","2,036","2,056","2,071","2,096","2,101","2,101",205,10.80%
Thurston,067,Tumwater,72905,17-Aug-26,"23,347","23,739","24,233","24,873","25,890","26,489","26,943","27,248","28,114","28,470","28,697","28,920","29,412","29,711","30,006","30,603","30,872","31,249","2,329",8.05%
Thurston,067,Yelm,80220,17-Aug-26,"8,201","8,511","8,749","9,303","9,867","10,252","10,665","10,994","11,552","11,781","12,131","12,131","12,143","12,187","12,277","12,374","12,625","13,971","1,840",15.16%
Walla Walla,071,Attalia Industrial,03128,17-Aug-26,2,2,2,3,3,3,3,3,4,4,4,4,4,4,4,4,4,4,0,-1.52%
Walla Walla,071,Burbank,08780,17-Aug-26,"1,953","1,974","2,005","2,006","2,019","2,004","1,998","2,038","2,048","2,056","2,051","2,051","2,046","2,074","2,128","2,132","2,131","2,159",108,5.26%
Walla Walla,071,College Place,13855,17-Aug-26,"9,145","9,183","9,287","9,323","9,516","9,597","9,738","9,906","10,025","10,123","10,249","10,249","10,120","10,201","10,238","10,248","10,355","10,396",147,1.43%
Walla Walla,071,Prescott,56240,17-Aug-26,328,335,345,349,354,359,363,370,373,377,384,384,382,382,387,387,387,382,-2,-0.62%
Walla Walla,071,Waitsburg,75565,17-Aug-26,"1,231","1,225","1,222","1,220","1,217","1,227","1,214","1,203","1,194","1,189","1,195","1,195","1,196","1,211","1,216","1,215","1,230","1,245",50,4.17%
Walla Walla,071,Walla Walla,75775,17-Aug-26,"34,783","34,795","34,996","35,164","35,646","36,268","36,169","36,200","36,257","36,529","36,762","36,762","36,379","36,667","36,952","37,172","37,446","37,668",906,2.46%
Whatcom,073,Bellingham,05280,17-Aug-26,"91,219","91,488","91,843","92,879","93,415","94,290","95,293","97,147","98,975","100,180","101,062","101,058","99,393","103,444","105,519","106,817","107,879","108,563","7,505",7.43%
Whatcom,073,Birch Bay,06190,17-Aug-26,"7,380","7,518","7,617","7,706","7,818","7,930","8,081","8,208","8,328","8,614","8,685","8,685","8,678","8,701","8,909","8,966","9,018","9,060",375,4.31%
Whatcom,073,Blaine,06505,17-Aug-26,"5,056","5,117","5,211","5,272","5,413","5,494","5,541","5,727","6,029","6,162","6,300","6,300","6,436","6,545","6,728","6,897","7,005","7,194",894,14.19%
Whatcom,073,Cherry Point,12020,17-Aug-26,43,41,38,35,33,30,28,25,23,21,68,68,68,68,61,58,56,56,-12,-17.30%
Whatcom,073,Columbia Valley,14140,17-Aug-26,"3,060","3,074","3,066","3,064","3,082","3,098","3,112","3,166","3,215","3,281","3,353","3,353","3,403","3,480","3,576","3,625","3,691","3,743",390,11.64%
Whatcom,073,Everson,22745,17-Aug-26,"2,611","2,632","2,663","2,698","2,716","2,729","2,752","2,783","2,891","2,958","3,012","3,012","3,059","3,096","3,171","3,176","3,281","3,355",343,11.40%
Whatcom,073,Ferndale,23620,17-Aug-26,"11,881","12,039","12,346","12,830","13,301","13,539","13,899","14,138","14,356","14,998","15,475","15,474","15,994","16,400","16,763","16,868","17,457","17,673","2,199",14.21%
Whatcom,073,Lynden,40805,17-Aug-26,"12,180","12,349","12,720","13,202","13,490","13,850","14,236","14,569","15,071","15,392","15,927","15,927","16,105","16,327","16,697","16,886","17,016","17,275","1,348",8.47%
Whatcom,073,Nooksack,49275,17-Aug-26,"1,353","1,353","1,359","1,384","1,396","1,406","1,405","1,404","1,401","1,485","1,484","1,484","1,528","1,573","1,573","1,676","1,831","1,901",417,28.13%
Whatcom,073,Sumas,68330,17-Aug-26,"1,309","1,353","1,392","1,437","1,452","1,444","1,488","1,535","1,550","1,553","1,583","1,665","1,740","1,740","1,810","1,835","1,835","1,835",170,10.21%
Yakima,077,Grandview,27925,17-Aug-26,"11,610","11,646","11,696","11,682","11,819","11,866","11,836","11,811","11,802","11,793","11,729","11,729","11,762","11,829","11,983","12,416","12,685","12,954","1,225",10.44%
Yakima,077,Granger,27960,17-Aug-26,"3,329","3,299","3,255","3,229","3,351","3,453","3,651","3,617","3,600","3,670","3,696","3,696","3,762","3,812","3,847","3,887","3,846","3,876",180,4.88%
Yakima,077,Harrah,29710,17-Aug-26,625,620,631,616,607,605,598,598,598,593,585,585,580,580,580,585,590,595,10,1.71%
Yakima,077,Mabton,40980,17-Aug-26,"2,581","2,550","2,520","2,501","2,471","2,448","2,422","2,389","2,350","2,316","2,246","2,246","2,262","2,262","2,253","2,251","2,276","2,280",34,1.53%
Yakima,077,Moxee,47665,17-Aug-26,"4,029","4,127","4,204","4,272","4,318","4,360","4,507","4,551","4,544","4,646","4,914","4,914","4,993","5,253","5,371","5,409","5,414","5,412",498,10.14%
Yakima,077,Naches,47805,17-Aug-26,961,987,998,"1,010","1,033","1,063","1,092","1,122","1,228","1,269","1,281","1,281","1,307","1,322","1,316","1,320","1,347","1,326",45,3.53%
Yakima,077,Selah,63280,17-Aug-26,"8,733","8,829","8,923","9,010","9,090","9,038","9,137","9,257","9,442","9,614","9,748","9,748","9,831","9,977","10,062","10,240","10,277","10,334",586,6.01%
Yakima,077,Sunnyside,68750,17-Aug-26,"17,697","17,743","17,687","17,672","17,604","17,636","17,847","17,860","17,965","18,085","18,203","18,203","18,238","18,336","18,367","18,408","18,493","18,591",388,2.13%
Yakima,077,Tieton,71400,17-Aug-26,"1,362","1,378","1,386","1,435","1,464","1,479","1,523","1,549","1,563","1,574","1,606","1,606","1,645","1,719","1,758","1,811","1,846","1,898",292,18.16%
Yakima,077,Toppenish,71960,17-Aug-26,"9,889","9,865","9,835","9,809","9,784","9,807","9,898","9,902","9,882","9,865","9,815","9,815","9,832","9,833","9,865","9,880","9,894","9,912",97,0.99%
Yakima,077,Union Gap,73290,17-Aug-26,"6,846","6,872","6,943","6,962","7,012","7,070","7,081","7,117","7,151","7,211","7,302","7,302","7,307","7,353","7,370","7,369","7,379","7,390",88,1.20%
Yakima,077,Wapato,76125,17-Aug-26,"7,522","7,505","7,455","7,409","7,360","7,341","7,314","7,272","7,221","7,180","7,091","7,091","7,097","7,103","7,107","7,122","7,114","7,102",11,0.16%
Yakima,077,Yakima,80010,17-Aug-26,"102,397","103,076","103,664","104,658","105,488","105,955","107,113","108,171","108,771","109,103","110,311","110,311","111,191","111,874","112,572","113,433","114,181","114,707","4,396",3.99%
Yakima,077,Zillah,80500,17-Aug-26,"3,290","3,323","3,350","3,369","3,387","3,395","3,412","3,419","3,435","3,450","3,436","3,436","3,449","3,454","3,476","3,475","3,485","3,497",61,1.77%
,,,,,,,,,,,,,,,,,,,,,,,,
The 2010 estimates are based on an allocation of 2010 census block values to 2020 census blocks.,,,,,,,,,,,,,,,,,,,,,,,,
The 2011-2019 estimates are consistent with OFM April 1 2001-2009 intercensal estimates at the county level.,,,,,,,,,,,,,,,,,,,,,,,,
The 2020 Census values are based on the 2020 Census Public Law 94-171 block data.,,,,,,,,,,,,,,,,,,,,,,,,
The 2020 OFM Adjusted values are census values adjusted to improve data consistency and correct erroneous values.,,,,,,,,,,,,,,,,,,,,,,,,
"The 2021-2026 estimates, change and percent change are based on OFM Adjusted census block values.",,,,,,,,,,,,,,,,,,,,,,,,
The 2020-2026 estimates are consistent with OFM April 1 postcensal estimates at the county level.,,,,,,,,,,,,,,,,,,,,,,,,
SAEP estimates are subject to change due to data updates and revisions.,,,,,,,,,,,,,,,,,,,,,,,,
.,,,,,,,,,,,,,,,,,,,,,,,,
File prepared on 2026_08_17.,,,,,,,,,,,,,,,,,,,,,,,,
