Jurisdiction_ID,Jurisdiction_Name,Jurisdiction_Type,Baseline_2022_Population,Target_2045_Population,Projected_2045_Growth,Projected_Growth_Share_Pct,Data_Source
JUR-01,Anacortes,Incorporated City/Town,17983,22971,4988,0.1686,Appendix A. Skagit County 2045 Growth Projections & Allocations
JUR-02,Burlington,Incorporated City/Town,12111,16930,4819,0.1629,Appendix A. Skagit County 2045 Growth Projections & Allocations
JUR-03,Concrete,Incorporated City/Town,949,1130,181,0.0061,Appendix A. Skagit County 2045 Growth Projections & Allocations
JUR-04,Hamilton,Incorporated City/Town,302,302,0,0.0,Appendix A. Skagit County 2045 Growth Projections & Allocations
JUR-05,La Conner,Incorporated City/Town,980,1191,211,0.0071,Appendix A. Skagit County 2045 Growth Projections & Allocations
JUR-06,Lyman,Incorporated City/Town,425,425,0,0.0,Appendix A. Skagit County 2045 Growth Projections & Allocations
JUR-07,Mount Vernon,Incorporated City/Town,37679,46460,8781,0.2968,Appendix A. Skagit County 2045 Growth Projections & Allocations
JUR-08,Sedro-Woolley,Incorporated City/Town,14096,18582,4486,0.1517,Appendix A. Skagit County 2045 Growth Projections & Allocations
JUR-09,Bay View Ridge UGA,Urban Growth Area (UGA),1694,1694,0,0.0,Appendix A. Skagit County 2045 Growth Projections & Allocations
JUR-10,Swinomish UGA,Urban Growth Area (UGA),2565,2764,199,0.0067,Appendix A. Skagit County 2045 Growth Projections & Allocations
JUR-11,Unincorporated Skagit County,Unincorporated Rural Area,42465,48381,5916,0.2,Appendix A. Skagit County 2045 Growth Projections & Allocations
