Benchmark_Key,Year,Covered_Employment_QCEW,Self_Employment_NES,Total_Employment_Combined,Self_Employment_Ratio,Benchmark_10Yr_Average_Ratio,Data_Source
CAI-EMP-1999,1999,41700,6321,48021,1.15158,1.15458,CAI Total Employment Calc Template / BLS QCEW & Census NES
CAI-EMP-2000,2000,43881,6430,50311,1.14653,1.15458,CAI Total Employment Calc Template / BLS QCEW & Census NES
CAI-EMP-2001,2001,43964,6297,50261,1.14323,1.15458,CAI Total Employment Calc Template / BLS QCEW & Census NES
CAI-EMP-2002,2002,43662,6299,49961,1.14427,1.15458,CAI Total Employment Calc Template / BLS QCEW & Census NES
CAI-EMP-2003,2003,44505,6743,51248,1.15151,1.15458,CAI Total Employment Calc Template / BLS QCEW & Census NES
CAI-EMP-2004,2004,45353,6945,52298,1.15313,1.15458,CAI Total Employment Calc Template / BLS QCEW & Census NES
CAI-EMP-2005,2005,46751,7133,53884,1.15257,1.15458,CAI Total Employment Calc Template / BLS QCEW & Census NES
CAI-EMP-2006,2006,47851,7307,55158,1.1527,1.15458,CAI Total Employment Calc Template / BLS QCEW & Census NES
CAI-EMP-2007,2007,48964,7662,56626,1.15648,1.15458,CAI Total Employment Calc Template / BLS QCEW & Census NES
CAI-EMP-2008,2008,48695,7381,56076,1.15158,1.15458,CAI Total Employment Calc Template / BLS QCEW & Census NES
CAI-EMP-2009,2009,45908,7410,53318,1.16141,1.15458,CAI Total Employment Calc Template / BLS QCEW & Census NES
CAI-EMP-2010,2010,45502,7286,52788,1.16012,1.15458,CAI Total Employment Calc Template / BLS QCEW & Census NES
CAI-EMP-2011,2011,45395,7413,52808,1.1633,1.15458,CAI Total Employment Calc Template / BLS QCEW & Census NES
CAI-EMP-2012,2012,45803,7336,53139,1.16016,1.15458,CAI Total Employment Calc Template / BLS QCEW & Census NES
CAI-EMP-2013,2013,47272,7287,54559,1.15415,1.15458,CAI Total Employment Calc Template / BLS QCEW & Census NES
CAI-EMP-2014,2014,48300,7548,55848,1.15627,1.15458,CAI Total Employment Calc Template / BLS QCEW & Census NES
CAI-EMP-2015,2015,48582,7712,56294,1.15874,1.15458,CAI Total Employment Calc Template / BLS QCEW & Census NES
CAI-EMP-2016,2016,49585,7844,57429,1.15819,1.15458,CAI Total Employment Calc Template / BLS QCEW & Census NES
CAI-EMP-2017,2017,50695,7994,58689,1.15769,1.15458,CAI Total Employment Calc Template / BLS QCEW & Census NES
CAI-EMP-2018,2018,52042,8065,60107,1.15497,1.15458,CAI Total Employment Calc Template / BLS QCEW & Census NES
CAI-EMP-2019,2019,52709,8306,61015,1.15758,1.15458,CAI Total Employment Calc Template / BLS QCEW & Census NES
CAI-EMP-2022,2022,51597,7976,59573,1.15458,1.15458,CAI Total Employment Calc Template / 2022 Adopted Baseline
