Year,Decade,GMA_Planning_Cycle,Is_Historical,Is_Prototype_Year_2025,Is_Production_Year_2026,Is_Target_Year_2045
1990,1990s,Early GMA Foundation (1990-1999),1,0,0,0
1991,1990s,Early GMA Foundation (1990-1999),1,0,0,0
1992,1990s,Early GMA Foundation (1990-1999),1,0,0,0
1993,1990s,Early GMA Foundation (1990-1999),1,0,0,0
1994,1990s,Early GMA Foundation (1990-1999),1,0,0,0
1995,1990s,Early GMA Foundation (1990-1999),1,0,0,0
1996,1990s,Early GMA Foundation (1990-1999),1,0,0,0
1997,1990s,Early GMA Foundation (1990-1999),1,0,0,0
1998,1990s,Early GMA Foundation (1990-1999),1,0,0,0
1999,1990s,Early GMA Foundation (1990-1999),1,0,0,0
2000,2000s,Prior Comprehensive Cycle (2000-2019),1,0,0,0
2001,2000s,Prior Comprehensive Cycle (2000-2019),1,0,0,0
2002,2000s,Prior Comprehensive Cycle (2000-2019),1,0,0,0
2003,2000s,Prior Comprehensive Cycle (2000-2019),1,0,0,0
2004,2000s,Prior Comprehensive Cycle (2000-2019),1,0,0,0
2005,2000s,Prior Comprehensive Cycle (2000-2019),1,0,0,0
2006,2000s,Prior Comprehensive Cycle (2000-2019),1,0,0,0
2007,2000s,Prior Comprehensive Cycle (2000-2019),1,0,0,0
2008,2000s,Prior Comprehensive Cycle (2000-2019),1,0,0,0
2009,2000s,Prior Comprehensive Cycle (2000-2019),1,0,0,0
2010,2010s,Prior Comprehensive Cycle (2000-2019),1,0,0,0
2011,2010s,Prior Comprehensive Cycle (2000-2019),1,0,0,0
2012,2010s,Prior Comprehensive Cycle (2000-2019),1,0,0,0
2013,2010s,Prior Comprehensive Cycle (2000-2019),1,0,0,0
2014,2010s,Prior Comprehensive Cycle (2000-2019),1,0,0,0
2015,2010s,Prior Comprehensive Cycle (2000-2019),1,0,0,0
2016,2010s,Prior Comprehensive Cycle (2000-2019),1,0,0,0
2017,2010s,Prior Comprehensive Cycle (2000-2019),1,0,0,0
2018,2010s,Prior Comprehensive Cycle (2000-2019),1,0,0,0
2019,2010s,Prior Comprehensive Cycle (2000-2019),1,0,0,0
2020,2020s,Active GMA 20-Year Horizon (2020-2045),1,0,0,0
2021,2020s,Active GMA 20-Year Horizon (2020-2045),1,0,0,0
2022,2020s,Active GMA 20-Year Horizon (2020-2045),1,0,0,0
2023,2020s,Active GMA 20-Year Horizon (2020-2045),1,0,0,0
2024,2020s,Active GMA 20-Year Horizon (2020-2045),1,0,0,0
2025,2020s,Active GMA 20-Year Horizon (2020-2045),1,1,0,0
2026,2020s,Active GMA 20-Year Horizon (2020-2045),1,0,1,0
2027,2020s,Active GMA 20-Year Horizon (2020-2045),0,0,0,0
2028,2020s,Active GMA 20-Year Horizon (2020-2045),0,0,0,0
2029,2020s,Active GMA 20-Year Horizon (2020-2045),0,0,0,0
2030,2030s,Active GMA 20-Year Horizon (2020-2045),0,0,0,0
2031,2030s,Active GMA 20-Year Horizon (2020-2045),0,0,0,0
2032,2030s,Active GMA 20-Year Horizon (2020-2045),0,0,0,0
2033,2030s,Active GMA 20-Year Horizon (2020-2045),0,0,0,0
2034,2030s,Active GMA 20-Year Horizon (2020-2045),0,0,0,0
2035,2030s,Active GMA 20-Year Horizon (2020-2045),0,0,0,0
2036,2030s,Active GMA 20-Year Horizon (2020-2045),0,0,0,0
2037,2030s,Active GMA 20-Year Horizon (2020-2045),0,0,0,0
2038,2030s,Active GMA 20-Year Horizon (2020-2045),0,0,0,0
2039,2030s,Active GMA 20-Year Horizon (2020-2045),0,0,0,0
2040,2040s,Active GMA 20-Year Horizon (2020-2045),0,0,0,0
2041,2040s,Active GMA 20-Year Horizon (2020-2045),0,0,0,0
2042,2040s,Active GMA 20-Year Horizon (2020-2045),0,0,0,0
2043,2040s,Active GMA 20-Year Horizon (2020-2045),0,0,0,0
2044,2040s,Active GMA 20-Year Horizon (2020-2045),0,0,0,0
2045,2040s,Active GMA 20-Year Horizon (2020-2045),0,0,0,1
