Fact_Employment_Key,Year,Period_Type,Industry_Key,Row_Level,Parent_2Digit_Code,NAICS_2Digit_Code,NAICS_3Digit_Code,Industry_Subsector_Title,Title_As_Reported,Is_County_Total,Is_Suppressed,Average_Establishments,Annual_Average_Employment,Q1_Average_Employment,Estimated_Total_Employment,Estimated_Total_Employment_Q1,CAI_Self_Employment_Multiplier,Average_Annual_Wage_USD,Jan_Employment,Feb_Employment,Mar_Employment,Apr_Employment,May_Employment,Jun_Employment,Jul_Employment,Aug_Employment,Sep_Employment,Oct_Employment,Nov_Employment,Dec_Employment,Data_Status
FEMP-0001,2025,Annual,TOTAL,County Total,TOTAL,TOTAL,,Total,Total,1,0,3663,54148,52930,62518,61112,1.15458,68828,52704,52731,53356,54188,54670,55872,55791,55224,54625,53944,53418,53255,2025 Official Revised Averages
FEMP-0002,2025,Annual,11,2-digit,11,11,,"Agriculture, forestry, fishing and hunting","Agriculture, forestry, fishing and hunting",0,0,147,2438,1907,,,,43591,1897,1816,2008,2317,2396,3116,3327,3314,2892,2325,1933,1919,2025 Official Revised Averages
FEMP-0003,2025,Annual,111,3-digit,11,,111,Crop production,Crop production,0,0,93,1846,1445,,,,44412,1416,1375,1545,1648,1635,2187,2553,2575,2400,1838,1494,1490,2025 Official Revised Averages
FEMP-0004,2025,Annual,112,3-digit,11,,112,Animal production and aquaculture,Animal production and aquaculture,0,0,33,236,240,,,,46517,238,237,244,232,249,244,243,230,231,234,229,225,2025 Official Revised Averages
FEMP-0005,2025,Annual,113,3-digit,11,,113,Forestry and logging,Forestry and logging,0,1,,,,,,,,,,,,,,,,,,,,2025 Official Revised Averages
FEMP-0006,2025,Annual,114,3-digit,11,,114,"Fishing, hunting and trapping","Fishing, hunting and trapping",0,1,,,,,,,,,,,,,,,,,,,,2025 Official Revised Averages
FEMP-0007,2025,Annual,115,3-digit,11,,115,Support activities for agriculture and forestry,Support activities for agriculture and forestry,0,0,13,282,148,,,,29558,169,132,144,362,431,608,451,433,189,183,144,140,2025 Official Revised Averages
FEMP-0008,2025,Annual,11-OTHER,Residual,11,,,Other industries,Other industries,0,0,8,74,74,,,,67252,74,72,75,75,81,77,80,76,72,70,66,64,2025 Official Revised Averages
FEMP-0009,2025,Annual,21,2-digit,21,21,,Mining,Mining,0,0,5,43,45,,,,68872,44,46,45,45,43,44,43,43,43,41,40,42,2025 Official Revised Averages
FEMP-0010,2025,Annual,211,3-digit,21,,211,Oil and gas extraction,Oil and gas extraction,0,0,0,0,0,,,,0,0,0,0,0,0,0,0,0,0,0,0,0,2025 Official Revised Averages
FEMP-0011,2025,Annual,212,3-digit,21,,212,Mining (except oil and gas),Mining (except oil and gas),0,0,5,43,45,,,,68872,44,46,45,45,43,44,43,43,43,41,40,42,2025 Official Revised Averages
FEMP-0012,2025,Annual,213,3-digit,21,,213,Support activities for mining,Support activities for mining,0,0,0,0,0,,,,0,0,0,0,0,0,0,0,0,0,0,0,0,2025 Official Revised Averages
FEMP-0013,2025,Annual,21-OTHER,Residual,21,,,Other industries,Other industries,0,0,0,0,0,,,,0,0,0,0,0,0,0,0,0,0,0,0,0,2025 Official Revised Averages
FEMP-0014,2025,Annual,22,2-digit,22,22,,Utilities,Utilities,0,0,11,261,252,,,,141498,252,253,250,262,265,266,268,267,262,261,262,263,2025 Official Revised Averages
FEMP-0015,2025,Annual,221,3-digit,22,,221,Utilities,Utilities,0,0,11,261,252,,,,141498,252,253,250,262,265,266,268,267,262,261,262,263,2025 Official Revised Averages
FEMP-0016,2025,Annual,22-OTHER,Residual,22,,,Other industries,Other industries,0,0,0,0,0,,,,0,0,0,0,0,0,0,0,0,0,0,0,0,2025 Official Revised Averages
FEMP-0017,2025,Annual,23,2-digit,23,23,,Construction,Construction,0,0,563,4372,4362,,,,92910,4384,4293,4408,4529,4445,4440,4448,4446,4379,4353,4247,4094,2025 Official Revised Averages
FEMP-0018,2025,Annual,236,3-digit,23,,236,Construction of buildings,Construction of buildings,0,0,182,1266,1316,,,,85555,1325,1306,1316,1320,1250,1257,1270,1253,1245,1230,1234,1181,2025 Official Revised Averages
FEMP-0019,2025,Annual,237,3-digit,23,,237,Heavy and civil engineering construction,Heavy and civil engineering construction,0,0,28,539,486,,,,114103,490,473,495,513,529,552,604,623,613,561,520,493,2025 Official Revised Averages
FEMP-0020,2025,Annual,238,3-digit,23,,238,Specialty trade contractors,Specialty trade contractors,0,0,352,2568,2560,,,,92052,2569,2514,2597,2696,2666,2631,2574,2570,2521,2562,2493,2420,2025 Official Revised Averages
FEMP-0021,2025,Annual,23-OTHER,Residual,23,,,Other industries,Other industries,0,0,0,0,0,,,,0,0,0,0,0,0,0,0,0,0,0,0,0,2025 Official Revised Averages
FEMP-0022,2025,Annual,31-33,2-digit,31-33,31-33,,Manufacturing,Manufacturing,0,0,175,6499,6347,,,,83621,6347,6348,6345,6383,6427,6577,6720,6667,6570,6522,6521,6556,2025 Official Revised Averages
FEMP-0023,2025,Annual,311,3-digit,31-33,,311,Food manufacturing,Food manufacturing,0,0,39,1431,1311,,,,56264,1309,1307,1316,1339,1376,1507,1630,1597,1520,1455,1433,1379,2025 Official Revised Averages
FEMP-0024,2025,Annual,312,3-digit,31-33,,312,Beverage and tobacco product manufacturing,Beverage and tobacco product manufacturing,0,0,14,146,134,,,,36347,128,137,138,148,154,157,157,159,157,146,137,134,2025 Official Revised Averages
FEMP-0025,2025,Annual,313,3-digit,31-33,,313,Textile mills,Textile mills,0,1,,,,,,,,,,,,,,,,,,,,2025 Official Revised Averages
FEMP-0026,2025,Annual,314,3-digit,31-33,,314,Textile product mills,Textile product mills,0,1,,,,,,,,,,,,,,,,,,,,2025 Official Revised Averages
FEMP-0027,2025,Annual,315,3-digit,31-33,,315,Apparel manufacturing,Apparel manufacturing,0,0,0,0,0,,,,0,0,0,0,0,0,0,0,0,0,0,0,0,2025 Official Revised Averages
FEMP-0028,2025,Annual,316,3-digit,31-33,,316,Leather and allied product manufacturing,Leather and allied product manufacturing,0,0,0,0,0,,,,0,0,0,0,0,0,0,0,0,0,0,0,0,2025 Official Revised Averages
FEMP-0029,2025,Annual,321,3-digit,31-33,,321,Wood product manufacturing,Wood product manufacturing,0,0,11,795,816,,,,78573,825,812,812,809,810,810,798,778,781,775,765,768,2025 Official Revised Averages
FEMP-0030,2025,Annual,322,3-digit,31-33,,322,Paper manufacturing,Paper manufacturing,0,0,0,0,0,,,,0,0,0,0,0,0,0,0,0,0,0,0,0,2025 Official Revised Averages
FEMP-0031,2025,Annual,323,3-digit,31-33,,323,Printing and related support activities,Printing and related support activities,0,1,,,,,,,,,,,,,,,,,,,,2025 Official Revised Averages
FEMP-0032,2025,Annual,324,3-digit,31-33,,324,Petroleum and coal products manufacturing,Petroleum and coal products manufacturing,0,1,,,,,,,,,,,,,,,,,,,,2025 Official Revised Averages
FEMP-0033,2025,Annual,325,3-digit,31-33,,325,Chemical manufacturing,Chemical manufacturing,0,0,4,65,64,,,,126398,65,64,64,65,67,67,67,64,63,61,64,63,2025 Official Revised Averages
FEMP-0034,2025,Annual,326,3-digit,31-33,,326,Plastics and rubber products manufacturing,Plastics and rubber products manufacturing,0,1,,,,,,,,,,,,,,,,,,,,2025 Official Revised Averages
FEMP-0035,2025,Annual,327,3-digit,31-33,,327,Nonmetallic mineral product manufacturing,Nonmetallic mineral product manufacturing,0,0,6,123,120,,,,91440,119,120,122,125,126,123,123,125,126,124,124,123,2025 Official Revised Averages
FEMP-0036,2025,Annual,331,3-digit,31-33,,331,Primary metal manufacturing,Primary metal manufacturing,0,1,,,,,,,,,,,,,,,,,,,,2025 Official Revised Averages
FEMP-0037,2025,Annual,332,3-digit,31-33,,332,Fabricated metal product manufacturing,Fabricated metal product manufacturing,0,0,18,499,462,,,,84448,456,465,466,471,484,490,493,512,518,519,546,571,2025 Official Revised Averages
FEMP-0038,2025,Annual,333,3-digit,31-33,,333,Machinery manufacturing,Machinery manufacturing,0,0,8,1495,1984,,,,92349,1973,1995,1985,1982,1985,1998,2019,2009,1993,,,,2025 Official Revised Averages
FEMP-0039,2025,Annual,334,3-digit,31-33,,334,Computer and electronic product manufacturing,Computer and electronic product manufacturing,0,0,7,91,91,,,,86277,92,92,88,89,93,92,90,90,92,90,91,89,2025 Official Revised Averages
FEMP-0040,2025,Annual,335,3-digit,31-33,,335,"Electrical equipment, appliance, and component mfg.","Electrical equipment, appliance, and component mfg.",0,1,,,,,,,,,,,,,,,,,,,,2025 Official Revised Averages
FEMP-0041,2025,Annual,336,3-digit,31-33,,336,Transportation equipment manufacturing,Transportation equipment manufacturing,0,0,20,744,771,,,,84778,788,764,761,763,744,746,748,740,725,726,713,709,2025 Official Revised Averages
FEMP-0042,2025,Annual,337,3-digit,31-33,,337,Furniture and related product manufacturing,Furniture and related product manufacturing,0,0,8,94,91,,,,57946,90,91,92,93,95,98,99,99,95,92,90,90,2025 Official Revised Averages
FEMP-0043,2025,Annual,339,3-digit,31-33,,339,Miscellaneous manufacturing,Miscellaneous manufacturing,0,0,18,107,107,,,,73335,108,107,106,107,104,103,107,107,109,108,108,109,2025 Official Revised Averages
FEMP-0044,2025,Annual,31-33-OTHER,Residual,31-33,,,Other industries,Other industries,0,0,22,910,394,,,,122290,394,394,395,392,389,386,389,387,391,2426,2450,2521,2025 Official Revised Averages
FEMP-0045,2025,Annual,42,2-digit,42,42,,Wholesale trade,Wholesale trade,0,0,150,1380,1300,,,,88961,1220,1364,1317,1239,1252,1346,1446,1468,1668,1535,1319,1389,2025 Official Revised Averages
FEMP-0046,2025,Annual,423,3-digit,42,,423,"Merchant wholesalers, durable goods","Merchant wholesalers, durable goods",0,0,73,596,586,,,,87519,591,587,579,579,581,595,593,600,601,613,617,621,2025 Official Revised Averages
FEMP-0047,2025,Annual,424,3-digit,42,,424,"Merchant wholesalers, nondurable goods","Merchant wholesalers, nondurable goods",0,0,57,729,660,,,,86127,574,723,683,607,616,695,799,815,1014,866,646,712,2025 Official Revised Averages
FEMP-0048,2025,Annual,425,3-digit,42,,425,Wholesale trade agents and brokers,Wholesale trade agents and brokers,0,0,19,55,55,,,,142157,55,54,55,53,55,56,54,53,53,56,56,56,2025 Official Revised Averages
FEMP-0049,2025,Annual,42-OTHER,Residual,42,,,Other industries,Other industries,0,0,0,0,0,,,,0,0,0,0,0,0,0,0,0,0,0,0,0,2025 Official Revised Averages
FEMP-0050,2025,Annual,44-45,2-digit,44-45,44-45,,Retail trade,Retail trade,0,0,403,6568,6548,,,,45338,6594,6526,6524,6688,6717,6597,6527,6492,6492,6513,6569,6582,2025 Official Revised Averages
FEMP-0051,2025,Annual,441,3-digit,44-45,,441,Motor vehicle and parts dealers,Motor vehicle and parts dealers,0,0,52,1132,1152,,,,71009,1164,1164,1128,1156,1168,1150,1143,1134,1088,1108,1103,1079,2025 Official Revised Averages
FEMP-0052,2025,Annual,444,3-digit,44-45,,444,Building material and garden equipment and supplies dealers,Building material and garden equipment and supplies dealers,0,0,40,783,752,,,,41671,740,744,772,880,875,805,793,779,771,761,742,737,2025 Official Revised Averages
FEMP-0053,2025,Annual,445,3-digit,44-45,,445,Food and beverage retailer,Food and beverage retailer,0,0,60,1259,1261,,,,37778,1256,1257,1271,1266,1283,1295,1288,1279,1277,1232,1208,1199,2025 Official Revised Averages
FEMP-0054,2025,Annual,449,3-digit,44-45,,449,"Furniture, home furnishings, electronics, and appliances retailers","Furniture, home furnishings, electronics, and appliances retailers",0,0,31,313,316,,,,64453,316,311,321,315,320,317,291,305,301,316,316,327,2025 Official Revised Averages
FEMP-0055,2025,Annual,455,3-digit,44-45,,455,General merchandise retailers,General merchandise retailers,0,0,9,1378,1376,,,,43644,1399,1365,1365,1382,1358,1327,1332,1335,1360,1394,1450,1473,2025 Official Revised Averages
FEMP-0056,2025,Annual,456,3-digit,44-45,,456,Health and personal care retailers,Health and personal care retailers,0,0,22,241,260,,,,47591,269,259,252,256,250,246,235,226,227,228,227,222,2025 Official Revised Averages
FEMP-0057,2025,Annual,457,3-digit,44-45,,457,Gasoline stations and fuel dealers,Gasoline stations and fuel dealers,0,0,44,312,301,,,,32561,302,301,300,325,320,320,324,310,316,313,304,303,2025 Official Revised Averages
FEMP-0058,2025,Annual,458,3-digit,44-45,,458,"Clothing, Clothing accessories, shoe, and jewelry retailers","Clothing, Clothing accessories, shoe, and jewelry retailers",0,0,36,296,297,,,,33004,305,300,287,276,286,287,288,293,297,297,313,328,2025 Official Revised Averages
FEMP-0059,2025,Annual,459,3-digit,44-45,,459,"Sporting goods, hobby, musical instrument, book, and miscellaneous retailers","Sporting goods, hobby, musical instrument, book, and miscellaneous retailers",0,0,106,853,832,,,,29886,843,825,828,832,857,850,833,831,855,864,906,914,2025 Official Revised Averages
FEMP-0060,2025,Annual,44-45-OTHER,Residual,44-45,,,Other industries,Other industries,0,0,0,0,0,,,,0,0,0,0,0,0,0,0,0,0,0,0,0,2025 Official Revised Averages
FEMP-0061,2025,Annual,48-49,2-digit,48-49,48-49,,Transportation and warehousing,Transportation and warehousing,0,0,92,1477,1456,,,,63346,1463,1453,1453,1457,1512,1488,1456,1468,1465,1453,1503,1555,2025 Official Revised Averages
FEMP-0062,2025,Annual,481,3-digit,48-49,,481,Air transportation,Air transportation,0,1,,,,,,,,,,,,,,,,,,,,2025 Official Revised Averages
FEMP-0063,2025,Annual,482,3-digit,48-49,,482,Rail transportation,Rail transportation,0,0,0,0,0,,,,0,0,0,0,0,0,0,0,0,0,0,0,0,2025 Official Revised Averages
FEMP-0064,2025,Annual,483,3-digit,48-49,,483,Water transportation,Water transportation,0,1,,,,,,,,,,,,,,,,,,,,2025 Official Revised Averages
FEMP-0065,2025,Annual,484,3-digit,48-49,,484,Truck transportation,Truck transportation,0,0,39,459,481,,,,78670,491,478,473,469,449,450,457,454,463,430,433,463,2025 Official Revised Averages
FEMP-0066,2025,Annual,485,3-digit,48-49,,485,Transit and ground passenger transportation,Transit and ground passenger transportation,0,1,,,,,,,,,,,,,,,,,,,,2025 Official Revised Averages
FEMP-0067,2025,Annual,486,3-digit,48-49,,486,Pipeline transportation,Pipeline transportation,0,1,,,,,,,,,,,,,,,,,,,,2025 Official Revised Averages
FEMP-0068,2025,Annual,487,3-digit,48-49,,487,Scenic and sightseeing transportation,Scenic and sightseeing transportation,0,1,,,,,,,,,,,,,,,,,,,,2025 Official Revised Averages
FEMP-0069,2025,Annual,488,3-digit,48-49,,488,Support activities for transportation,Support activities for transportation,0,0,20,204,210,,,,84708,202,210,217,210,236,200,192,205,201,200,198,179,2025 Official Revised Averages
FEMP-0070,2025,Annual,491,3-digit,48-49,,491,Postal service,Postal service,0,0,0,0,0,,,,0,0,0,0,0,0,0,0,0,0,0,0,0,2025 Official Revised Averages
FEMP-0071,2025,Annual,492,3-digit,48-49,,492,Couriers and messengers,Couriers and messengers,0,0,13,510,480,,,,43472,478,478,485,490,517,526,484,493,490,513,563,602,2025 Official Revised Averages
FEMP-0072,2025,Annual,493,3-digit,48-49,,493,Warehousing and storage,Warehousing and storage,0,1,,,,,,,,,,,,,,,,,,,,2025 Official Revised Averages
FEMP-0073,2025,Annual,48-49-OTHER,Residual,48-49,,,Other industries,Other industries,0,0,19,304,286,,,,59217,292,287,278,288,310,312,323,316,311,310,309,311,2025 Official Revised Averages
FEMP-0074,2025,Annual,51,2-digit,51,51,,Information,Information,0,0,50,259,252,,,,96043,253,254,248,249,250,254,264,269,260,268,267,273,2025 Official Revised Averages
FEMP-0075,2025,Annual,512,3-digit,51,,512,Motion picture and sound recording industries,Motion picture and sound recording industries,0,0,7,51,51,,,,33364,52,52,49,49,49,51,50,57,51,54,51,52,2025 Official Revised Averages
FEMP-0076,2025,Annual,513,3-digit,51,,513,Publishing industries,Publishing industries,0,0,20,82,82,,,,86795,83,81,81,78,76,76,84,83,81,86,89,89,2025 Official Revised Averages
FEMP-0077,2025,Annual,516,3-digit,51,,516,Broadcasting and content providers,Broadcasting and content providers,0,0,3,34,32,,,,163281,31,33,31,35,36,36,37,35,34,35,32,37,2025 Official Revised Averages
FEMP-0078,2025,Annual,517,3-digit,51,,517,Telecommunications,Telecommunications,0,1,,,,,,,,,,,,,,,,,,,,2025 Official Revised Averages
FEMP-0079,2025,Annual,518,3-digit,51,,518,"Computing infrastructure providers, data processing, web hosting, and related services","Computing infrastructure providers, data processing, web hosting, and related services",0,0,7,40,37,,,,147427,37,38,37,38,37,40,39,43,40,41,43,43,2025 Official Revised Averages
FEMP-0080,2025,Annual,519,3-digit,51,,519,"Web serarch portals, libraries, archives, and other information services","Web serarch portals, libraries, archives, and other information services",0,1,,,,,,,,,,,,,,,,,,,,2025 Official Revised Averages
FEMP-0081,2025,Annual,51-OTHER,Residual,51,,,Other industries,Other industries,0,0,12,51,50,,,,90347,50,50,50,49,52,51,54,51,54,52,52,52,2025 Official Revised Averages
FEMP-0082,2025,Annual,52,2-digit,52,52,,Finance and insurance,Finance and insurance,0,0,121,1439,1474,,,,94461,1474,1477,1471,1458,1464,1441,1407,1411,1398,1414,1420,1428,2025 Official Revised Averages
FEMP-0083,2025,Annual,521,3-digit,52,,521,Monetary authorities - central bank,Monetary authorities - central bank,0,0,0,0,0,,,,0,0,0,0,0,0,0,0,0,0,0,0,0,2025 Official Revised Averages
FEMP-0084,2025,Annual,522,3-digit,52,,522,Credit intermediation and related activities,Credit intermediation and related activities,0,0,37,573,570,,,,99103,566,575,570,576,583,571,574,573,564,572,574,582,2025 Official Revised Averages
FEMP-0085,2025,Annual,523,3-digit,52,,523,"Securities, commodity contracts, other financial investments and related activities","Securities, commodity contracts, other financial investments and related activities",0,1,,,,,,,,,,,,,,,,,,,,2025 Official Revised Averages
FEMP-0086,2025,Annual,524,3-digit,52,,524,Insurance carriers and related activities,Insurance carriers and related activities,0,0,55,771,809,,,,83891,811,808,809,786,785,773,745,746,744,746,750,744,2025 Official Revised Averages
FEMP-0087,2025,Annual,525,3-digit,52,,525,"Funds, trusts, and other financial vehicles","Funds, trusts, and other financial vehicles",0,1,,,,,,,,,,,,,,,,,,,,2025 Official Revised Averages
FEMP-0088,2025,Annual,52-OTHER,Residual,52,,,Other industries,Other industries,0,0,29,95,94,,,,152250,97,94,92,96,96,97,88,92,90,96,96,102,2025 Official Revised Averages
FEMP-0089,2025,Annual,53,2-digit,53,53,,Real estate and rental and leasing,Real estate and rental and leasing,0,0,107,533,459,,,,53349,446,460,471,527,549,604,587,578,561,552,534,526,2025 Official Revised Averages
FEMP-0090,2025,Annual,531,3-digit,53,,531,Real estate,Real estate,0,0,90,317,280,,,,46851,268,283,288,309,305,350,332,334,331,344,329,330,2025 Official Revised Averages
FEMP-0091,2025,Annual,532,3-digit,53,,532,Rental and leasing services,Rental and leasing services,0,0,16,216,179,,,,62885,178,177,183,218,244,254,255,244,230,208,205,196,2025 Official Revised Averages
FEMP-0092,2025,Annual,533,3-digit,53,,533,Lessors of nonfinancial intangible assets (except copyrighted works),Lessors of nonfinancial intangible assets (except copyrighted works),0,0,0,0,0,,,,0,0,0,0,0,0,0,0,0,0,0,0,0,2025 Official Revised Averages
FEMP-0093,2025,Annual,53-OTHER,Residual,53,,,Other industries,Other industries,0,0,0,0,0,,,,0,0,0,0,0,0,0,0,0,0,0,0,0,2025 Official Revised Averages
FEMP-0094,2025,Annual,54,2-digit,54,54,,"Professional, scientific, and technical services","Professional, scientific, and technical services",0,0,357,1876,1910,,,,100079,1897,1923,1911,1926,1892,1878,1863,1859,1862,1821,1837,1844,2025 Official Revised Averages
FEMP-0095,2025,Annual,541,3-digit,54,,541,"Professional, scientific, and technical services","Professional, scientific, and technical services",0,0,357,1876,1910,,,,100079,1897,1923,1911,1926,1892,1878,1863,1859,1862,1821,1837,1844,2025 Official Revised Averages
FEMP-0096,2025,Annual,54-OTHER,Residual,54,,,Other industries,Other industries,0,0,0,0,0,,,,0,0,0,0,0,0,0,0,0,0,0,0,0,2025 Official Revised Averages
FEMP-0097,2025,Annual,55,2-digit,55,55,,Management of companies and enterprises,Management of companies and enterprises,0,0,9,84,85,,,,104009,86,85,85,85,84,85,85,85,85,83,83,82,2025 Official Revised Averages
FEMP-0098,2025,Annual,551,3-digit,55,,551,Management of companies and enterprises,Management of companies and enterprises,0,0,9,84,85,,,,104009,86,85,85,85,84,85,85,85,85,83,83,82,2025 Official Revised Averages
FEMP-0099,2025,Annual,55-OTHER,Residual,55,,,Other industries,Other industries,0,0,0,0,0,,,,0,0,0,0,0,0,0,0,0,0,0,0,0,2025 Official Revised Averages
FEMP-0100,2025,Annual,56,2-digit,56,56,,Administrative and waste services,Administrative and waste services,0,0,224,1415,1416,,,,53749,1394,1386,1468,1480,1464,1448,1418,1387,1385,1387,1383,1376,2025 Official Revised Averages
FEMP-0101,2025,Annual,561,3-digit,56,,561,Administrative and support services,Administrative and support services,0,0,210,1298,1301,,,,49747,1278,1273,1353,1363,1346,1332,1303,1271,1271,1270,1261,1254,2025 Official Revised Averages
FEMP-0102,2025,Annual,562,3-digit,56,,562,Waste management and remediation services,Waste management and remediation services,0,0,14,117,115,,,,98146,116,113,115,117,118,116,115,116,114,117,122,122,2025 Official Revised Averages
FEMP-0103,2025,Annual,56-OTHER,Residual,56,,,Other industries,Other industries,0,0,0,0,0,,,,0,0,0,0,0,0,0,0,0,0,0,0,0,2025 Official Revised Averages
FEMP-0104,2025,Annual,61,2-digit,61,61,,Educational services,Educational services,0,0,62,449,469,,,,45603,438,482,486,438,465,492,458,420,411,437,446,420,2025 Official Revised Averages
FEMP-0105,2025,Annual,611,3-digit,61,,611,Educational services,Educational services,0,0,62,449,469,,,,45603,438,482,486,438,465,492,458,420,411,437,446,420,2025 Official Revised Averages
FEMP-0106,2025,Annual,61-OTHER,Residual,61,,,Other industries,Other industries,0,0,0,0,0,,,,0,0,0,0,0,0,0,0,0,0,0,0,0,2025 Official Revised Averages
FEMP-0107,2025,Annual,62,2-digit,62,62,,Healthcare and social assistance,Healthcare and social assistance,0,0,343,5485,5440,,,,58930,5440,5437,5443,5481,5484,5502,5447,5485,5478,5518,5556,5548,2025 Official Revised Averages
FEMP-0108,2025,Annual,621,3-digit,62,,621,Ambulatory healthcare services,Ambulatory healthcare services,0,0,167,1761,1761,,,,66130,1770,1761,1753,1754,1760,1759,1770,1800,1796,1736,1745,1723,2025 Official Revised Averages
FEMP-0109,2025,Annual,622,3-digit,62,,622,Hospitals,Hospitals,0,1,,,,,,,,,,,,,,,,,,,,2025 Official Revised Averages
FEMP-0110,2025,Annual,623,3-digit,62,,623,Nursing and residential care facilities,Nursing and residential care facilities,0,1,,,,,,,,,,,,,,,,,,,,2025 Official Revised Averages
FEMP-0111,2025,Annual,624,3-digit,62,,624,Social assistance,Social assistance,0,0,136,2072,2040,,,,47709,2042,2046,2033,2055,2053,2052,2053,2085,2078,2114,2116,2137,2025 Official Revised Averages
FEMP-0112,2025,Annual,62-OTHER,Residual,62,,,Other industries,Other industries,0,0,39,1652,1638,,,,65327,1628,1630,1657,1672,1671,1691,1624,1600,1604,1668,1695,1688,2025 Official Revised Averages
FEMP-0113,2025,Annual,71,2-digit,71,71,,"Arts, entertainment, and recreation","Arts, entertainment, and recreation",0,0,63,609,504,,,,31556,500,493,518,583,698,760,750,730,699,549,515,517,2025 Official Revised Averages
FEMP-0114,2025,Annual,711,3-digit,71,,711,"Performing arts, spectator sports, and related industries","Performing arts, spectator sports, and related industries",0,0,12,55,51,,,,30975,49,50,55,54,52,58,57,56,54,58,57,54,2025 Official Revised Averages
FEMP-0115,2025,Annual,712,3-digit,71,,712,"Museums, historical sites, and similar institutions","Museums, historical sites, and similar institutions",0,0,10,74,64,,,,38191,66,64,62,66,68,85,90,91,88,70,68,72,2025 Official Revised Averages
FEMP-0116,2025,Annual,713,3-digit,71,,713,"Amusement, gambling, and recreation industries","Amusement, gambling, and recreation industries",0,0,40,481,388,,,,30536,385,379,401,463,578,617,603,583,557,421,390,391,2025 Official Revised Averages
FEMP-0117,2025,Annual,71-OTHER,Residual,71,,,Other industries,Other industries,0,0,0,0,0,,,,0,0,0,0,0,0,0,0,0,0,0,0,0,2025 Official Revised Averages
FEMP-0118,2025,Annual,72,2-digit,72,72,,Accommodation and food services,Accommodation and food services,0,0,349,4460,4269,,,,31385,4218,4237,4352,4448,4588,4770,4682,4705,4551,4398,4330,4237,2025 Official Revised Averages
FEMP-0119,2025,Annual,721,3-digit,72,,721,Accommodation,Accommodation,0,0,52,496,407,,,,33948,405,403,414,465,514,589,586,595,548,511,487,433,2025 Official Revised Averages
FEMP-0120,2025,Annual,722,3-digit,72,,722,Food services and drinking places,Food services and drinking places,0,0,297,3964,3862,,,,31065,3813,3834,3938,3983,4074,4181,4096,4110,4003,3887,3843,3804,2025 Official Revised Averages
FEMP-0121,2025,Annual,72-OTHER,Residual,72,,,Other industries,Other industries,0,0,0,0,0,,,,0,0,0,0,0,0,0,0,0,0,0,0,0,2025 Official Revised Averages
FEMP-0122,2025,Annual,81,2-digit,81,81,,"Other services, except public administration","Other services, except public administration",0,0,313,1741,1717,,,,51666,1699,1718,1735,1723,1732,1785,1825,1784,1748,1720,1698,1721,2025 Official Revised Averages
FEMP-0123,2025,Annual,811,3-digit,81,,811,Repair and maintenance,Repair and maintenance,0,0,110,689,700,,,,70725,695,700,705,690,696,672,697,694,700,675,665,676,2025 Official Revised Averages
FEMP-0124,2025,Annual,812,3-digit,81,,812,Personal and laundry services,Personal and laundry services,0,0,76,379,367,,,,34992,364,367,371,375,372,384,385,379,382,384,389,397,2025 Official Revised Averages
FEMP-0125,2025,Annual,813,3-digit,81,,813,"Religious, grantmaking, civic, professional, and similar organizations","Religious, grantmaking, civic, professional, and similar organizations",0,0,85,639,616,,,,42043,607,617,625,623,629,692,711,678,633,628,610,614,2025 Official Revised Averages
FEMP-0126,2025,Annual,814,3-digit,81,,814,Private households,Private households,0,0,41,34,34,,,,32141,33,34,34,35,35,37,32,33,33,33,34,34,2025 Official Revised Averages
FEMP-0127,2025,Annual,81-OTHER,Residual,81,,,Other industries,Other industries,0,0,0,0,0,,,,0,0,0,0,0,0,0,0,0,0,0,0,0,2025 Official Revised Averages
FEMP-0128,2025,Annual,GOV,2-digit,GOV,GOV,,GOVERNMENT,GOVERNMENT,0,0,114,12759,12719,,,,83261,12658,12680,12818,12870,12943,12979,12770,12346,12416,12794,12955,12883,2025 Official Revised Averages
FEMP-0129,2025,Annual,GOV-FED,Government sub-sector,GOV,,,Federal Government,Federal Government,0,0,11,376,340,,,,85685,331,328,361,368,404,409,414,411,409,359,356,364,2025 Official Revised Averages
FEMP-0130,2025,Annual,GOV-STATE,Government sub-sector,GOV,,,State Government,State Government,0,0,35,1335,1304,,,,79942,1298,1295,1318,1370,1372,1400,1283,1238,1391,1380,1346,1333,2025 Official Revised Averages
FEMP-0131,2025,Annual,GOV-LOCAL,Government sub-sector,GOV,,,Local Government,Local Government,0,0,68,11048,11075,,,,83579,11029,11057,11139,11132,11167,11170,11073,10697,10616,11055,11253,11186,2025 Official Revised Averages
FEMP-0132,2025,Annual,NEC,2-digit,NEC,NEC,,NOT ELSEWHERE CLASSIFIED,NOT ELSEWHERE CLASSIFIED,0,0,0,0,0,,,,0,0,0,0,0,0,0,0,0,0,0,0,0,2025 Official Revised Averages
FEMP-0133,2026,Q1,TOTAL,County Total,TOTAL,TOTAL,,Total,TOTAL,1,0,3584,,53034,,61232,1.15458,68284,52841,52947,53313,,,,,,,,,,2026 Q1 Preliminary
FEMP-0134,2026,Q1,11,2-digit,11,11,,"Agriculture, forestry, fishing and hunting","Agriculture, forestry, fishing and hunting",0,0,139,,1958,,,,43784,1853,1995,2025,,,,,,,,,,2026 Q1 Preliminary
FEMP-0135,2026,Q1,111,3-digit,11,,111,Crop production,Crop production,0,0,90,,1535,,,,42004,1428,1570,1608,,,,,,,,,,2026 Q1 Preliminary
FEMP-0136,2026,Q1,112,3-digit,11,,112,Animal production and aquaculture,Animal production,0,0,29,,217,,,,45792,218,219,214,,,,,,,,,,2026 Q1 Preliminary
FEMP-0137,2026,Q1,113,3-digit,11,,113,Forestry and logging,Forestry and logging,0,1,,,,,,,,,,,,,,,,,,,,2026 Q1 Preliminary
FEMP-0138,2026,Q1,114,3-digit,11,,114,"Fishing, hunting and trapping","Fishing, hunting and trapping",0,1,,,,,,,,,,,,,,,,,,,,2026 Q1 Preliminary
FEMP-0139,2026,Q1,115,3-digit,11,,115,Support activities for agriculture and forestry,Agriculture and forestry support activities,0,0,12,,139,,,,51496,143,140,135,,,,,,,,,,2026 Q1 Preliminary
FEMP-0140,2026,Q1,11-OTHER,Residual,11,,,Other industries,Other industries,0,0,8,,66,,,,63020,64,66,68,,,,,,,,,,2026 Q1 Preliminary
FEMP-0141,2026,Q1,21,2-digit,21,21,,Mining,Mining,0,0,5,,37,,,,64596,37,38,37,,,,,,,,,,2026 Q1 Preliminary
FEMP-0142,2026,Q1,211,3-digit,21,,211,Oil and gas extraction,Oil and gas extraction,0,0,0,,0,,,,0,0,0,0,,,,,,,,,,2026 Q1 Preliminary
FEMP-0143,2026,Q1,212,3-digit,21,,212,Mining (except oil and gas),"Mining, except oil and gas",0,0,5,,37,,,,64596,37,38,37,,,,,,,,,,2026 Q1 Preliminary
FEMP-0144,2026,Q1,213,3-digit,21,,213,Support activities for mining,Support activities for mining,0,0,0,,0,,,,0,0,0,0,,,,,,,,,,2026 Q1 Preliminary
FEMP-0145,2026,Q1,21-OTHER,Residual,21,,,Other industries,Other industries,0,0,0,,0,,,,0,0,0,0,,,,,,,,,,2026 Q1 Preliminary
FEMP-0146,2026,Q1,22,2-digit,22,22,,Utilities,Utilities,0,0,11,,264,,,,171788,265,268,259,,,,,,,,,,2026 Q1 Preliminary
FEMP-0147,2026,Q1,221,3-digit,22,,221,Utilities,Utilities,0,0,11,,264,,,,171788,265,268,259,,,,,,,,,,2026 Q1 Preliminary
FEMP-0148,2026,Q1,22-OTHER,Residual,22,,,Other industries,Other industries,0,0,0,,0,,,,0,0,0,0,,,,,,,,,,2026 Q1 Preliminary
FEMP-0149,2026,Q1,23,2-digit,23,23,,Construction,Construction,0,0,544,,3930,,,,88800,3900,3913,3977,,,,,,,,,,2026 Q1 Preliminary
FEMP-0150,2026,Q1,236,3-digit,23,,236,Construction of buildings,Construction of buildings,0,0,176,,1083,,,,80328,1094,1070,1084,,,,,,,,,,2026 Q1 Preliminary
FEMP-0151,2026,Q1,237,3-digit,23,,237,Heavy and civil engineering construction,Heavy and civil engineering construction,0,0,29,,482,,,,102004,482,490,475,,,,,,,,,,2026 Q1 Preliminary
FEMP-0152,2026,Q1,238,3-digit,23,,238,Specialty trade contractors,Specialty trade contractors,0,0,339,,2365,,,,89992,2324,2353,2418,,,,,,,,,,2026 Q1 Preliminary
FEMP-0153,2026,Q1,23-OTHER,Residual,23,,,Other industries,Other industries,0,0,0,,0,,,,0,0,0,0,,,,,,,,,,2026 Q1 Preliminary
FEMP-0154,2026,Q1,31-33,2-digit,31-33,31-33,,Manufacturing,Manufacturing,0,0,174,,6907,,,,84164,6867,6928,6925,,,,,,,,,,2026 Q1 Preliminary
FEMP-0155,2026,Q1,311,3-digit,31-33,,311,Food manufacturing,Food Manufacturing,0,0,37,,1315,,,,60724,1301,1314,1330,,,,,,,,,,2026 Q1 Preliminary
FEMP-0156,2026,Q1,312,3-digit,31-33,,312,Beverage and tobacco product manufacturing,Beverage and Tobacco Product Manufacturing,0,0,16,,142,,,,35408,139,144,144,,,,,,,,,,2026 Q1 Preliminary
FEMP-0157,2026,Q1,313,3-digit,31-33,,313,Textile mills,Textile Mills,0,1,,,,,,,,,,,,,,,,,,,,2026 Q1 Preliminary
FEMP-0158,2026,Q1,314,3-digit,31-33,,314,Textile product mills,Textile Product Mills,0,0,6,,60,,,,75664,62,60,59,,,,,,,,,,2026 Q1 Preliminary
FEMP-0159,2026,Q1,315,3-digit,31-33,,315,Apparel manufacturing,Apparel Manufacturing,0,0,0,,0,,,,0,0,0,0,,,,,,,,,,2026 Q1 Preliminary
FEMP-0160,2026,Q1,316,3-digit,31-33,,316,Leather and allied product manufacturing,Leather and Allied Product Manufacturing,0,0,0,,0,,,,0,0,0,0,,,,,,,,,,2026 Q1 Preliminary
FEMP-0161,2026,Q1,321,3-digit,31-33,,321,Wood product manufacturing,Wood Product Manufacturing,0,0,11,,745,,,,76908,748,743,743,,,,,,,,,,2026 Q1 Preliminary
FEMP-0162,2026,Q1,322,3-digit,31-33,,322,Paper manufacturing,Paper Manufacturing,0,0,0,,0,,,,0,0,0,0,,,,,,,,,,2026 Q1 Preliminary
FEMP-0163,2026,Q1,323,3-digit,31-33,,323,Printing and related support activities,Printing and Related Support Activities,0,0,8,,16,,,,45428,16,17,16,,,,,,,,,,2026 Q1 Preliminary
FEMP-0164,2026,Q1,324,3-digit,31-33,,324,Petroleum and coal products manufacturing,Petroleum and Coal Products Manufacturing,0,1,,,,,,,,,,,,,,,,,,,,2026 Q1 Preliminary
FEMP-0165,2026,Q1,325,3-digit,31-33,,325,Chemical manufacturing,Chemical Manufacturing,0,0,3,,60,,,,169496,59,60,60,,,,,,,,,,2026 Q1 Preliminary
FEMP-0166,2026,Q1,326,3-digit,31-33,,326,Plastics and rubber products manufacturing,Plastics and Rubber Products Manufacturing,0,1,,,,,,,,,,,,,,,,,,,,2026 Q1 Preliminary
FEMP-0167,2026,Q1,327,3-digit,31-33,,327,Nonmetallic mineral product manufacturing,Nonmetallic Mineral Product Manufacturing,0,0,5,,124,,,,92948,125,124,123,,,,,,,,,,2026 Q1 Preliminary
FEMP-0168,2026,Q1,331,3-digit,31-33,,331,Primary metal manufacturing,Primary Metal Manufacturing,0,1,,,,,,,,,,,,,,,,,,,,2026 Q1 Preliminary
FEMP-0169,2026,Q1,332,3-digit,31-33,,332,Fabricated metal product manufacturing,Fabricated Metal Product Manufacturing,0,0,17,,588,,,,82564,580,589,595,,,,,,,,,,2026 Q1 Preliminary
FEMP-0170,2026,Q1,333,3-digit,31-33,,333,Machinery manufacturing,Machinery Manufacturing,0,1,,,,,,,,,,,,,,,,,,,,2026 Q1 Preliminary
FEMP-0171,2026,Q1,334,3-digit,31-33,,334,Computer and electronic product manufacturing,Computer and Electronic Product Manufacturing,0,1,,,,,,,,,,,,,,,,,,,,2026 Q1 Preliminary
FEMP-0172,2026,Q1,335,3-digit,31-33,,335,"Electrical equipment, appliance, and component mfg.","Electrical Equipment, Appliance, and Component Manufacturing",0,1,,,,,,,,,,,,,,,,,,,,2026 Q1 Preliminary
FEMP-0173,2026,Q1,336,3-digit,31-33,,336,Transportation equipment manufacturing,Transportation Equipment Manufacturing,0,0,18,,715,,,,81988,716,721,708,,,,,,,,,,2026 Q1 Preliminary
FEMP-0174,2026,Q1,337,3-digit,31-33,,337,Furniture and related product manufacturing,Furniture and Related Product Manufacturing,0,0,8,,75,,,,58432,74,76,74,,,,,,,,,,2026 Q1 Preliminary
FEMP-0175,2026,Q1,339,3-digit,31-33,,339,Miscellaneous manufacturing,Miscellaneous Manufacturing,0,0,18,,105,,,,70896,107,104,103,,,,,,,,,,2026 Q1 Preliminary
FEMP-0176,2026,Q1,31-33-OTHER,Residual,31-33,,,Other industries,Other industries,0,0,27,,2962,,,,98980,2940,2976,2970,,,,,,,,,,2026 Q1 Preliminary
FEMP-0177,2026,Q1,42,2-digit,42,42,,Wholesale trade,Wholesale trade,0,0,151,,1562,,,,95296,1621,1546,1518,,,,,,,,,,2026 Q1 Preliminary
FEMP-0178,2026,Q1,423,3-digit,42,,423,"Merchant wholesalers, durable goods","Merchant Wholesalers, Durable Goods",0,0,73,,628,,,,95564,632,626,625,,,,,,,,,,2026 Q1 Preliminary
FEMP-0179,2026,Q1,424,3-digit,42,,424,"Merchant wholesalers, nondurable goods","Merchant Wholesalers, Nondurable Goods",0,0,59,,880,,,,91468,935,865,840,,,,,,,,,,2026 Q1 Preliminary
FEMP-0180,2026,Q1,425,3-digit,42,,425,Wholesale trade agents and brokers,Wholesale Trade Agents and Brokers,0,0,19,,54,,,,154620,54,55,53,,,,,,,,,,2026 Q1 Preliminary
FEMP-0181,2026,Q1,42-OTHER,Residual,42,,,Other industries,Other industries,0,0,0,,0,,,,0,0,0,0,,,,,,,,,,2026 Q1 Preliminary
FEMP-0182,2026,Q1,44-45,2-digit,44-45,44-45,,Retail trade,Retail trade,0,0,397,,6344,,,,43544,6414,6289,6328,,,,,,,,,,2026 Q1 Preliminary
FEMP-0183,2026,Q1,441,3-digit,44-45,,441,Motor vehicle and parts dealers,Motor Vehicle and Parts Dealers,0,0,50,,1079,,,,67552,1103,1087,1047,,,,,,,,,,2026 Q1 Preliminary
FEMP-0184,2026,Q1,444,3-digit,44-45,,444,Building material and garden equipment and supplies dealers,Building Material and Garden Equipment and Supplies Dealers,0,0,40,,739,,,,41816,712,732,774,,,,,,,,,,2026 Q1 Preliminary
FEMP-0185,2026,Q1,445,3-digit,44-45,,445,Food and beverage retailer,Food and Beverage Retailers,0,0,62,,1232,,,,35492,1236,1214,1247,,,,,,,,,,2026 Q1 Preliminary
FEMP-0186,2026,Q1,449,3-digit,44-45,,449,"Furniture, home furnishings, electronics, and appliances retailers","Furniture, Home Furnishings, Electronics, and Appliance Retailers",0,0,28,,308,,,,60476,310,308,306,,,,,,,,,,2026 Q1 Preliminary
FEMP-0187,2026,Q1,455,3-digit,44-45,,455,General merchandise retailers,General Merchandise Retailers,0,0,9,,1360,,,,40940,1381,1353,1346,,,,,,,,,,2026 Q1 Preliminary
FEMP-0188,2026,Q1,456,3-digit,44-45,,456,Health and personal care retailers,Health and Personal Care Retailers,0,0,21,,208,,,,45996,210,207,208,,,,,,,,,,2026 Q1 Preliminary
FEMP-0189,2026,Q1,457,3-digit,44-45,,457,Gasoline stations and fuel dealers,Gasoline Stations and Fuel Dealers,0,0,45,,297,,,,33988,301,288,301,,,,,,,,,,2026 Q1 Preliminary
FEMP-0190,2026,Q1,458,3-digit,44-45,,458,"Clothing, Clothing accessories, shoe, and jewelry retailers","Clothing, Clothing Accessories, Shoe, and Jewelry Retailers",0,0,35,,288,,,,33024,297,283,283,,,,,,,,,,2026 Q1 Preliminary
FEMP-0191,2026,Q1,459,3-digit,44-45,,459,"Sporting goods, hobby, musical instrument, book, and miscellaneous retailers","Sporting Goods, Hobby, Musical Instrument, Book, and Miscellaneous Retailers",0,0,107,,832,,,,30360,864,817,816,,,,,,,,,,2026 Q1 Preliminary
FEMP-0192,2026,Q1,44-45-OTHER,Residual,44-45,,,Other industries,Other industries,0,0,0,,0,,,,0,0,0,0,,,,,,,,,,2026 Q1 Preliminary
FEMP-0193,2026,Q1,48-49,2-digit,48-49,48-49,,Transportation and warehousing,Transportation and warehousing,0,0,86,,1404,,,,58852,1434,1394,1383,,,,,,,,,,2026 Q1 Preliminary
FEMP-0194,2026,Q1,481,3-digit,48-49,,481,Air transportation,Air transportation,0,0,3,,5,,,,119448,5,5,5,,,,,,,,,,2026 Q1 Preliminary
FEMP-0195,2026,Q1,482,3-digit,48-49,,482,Rail transportation,Rail transportation,0,0,0,,0,,,,0,0,0,0,,,,,,,,,,2026 Q1 Preliminary
FEMP-0196,2026,Q1,483,3-digit,48-49,,483,Water transportation,Water transportation,0,1,,,,,,,,,,,,,,,,,,,,2026 Q1 Preliminary
FEMP-0197,2026,Q1,484,3-digit,48-49,,484,Truck transportation,Truck transportation,0,0,38,,448,,,,73888,452,448,443,,,,,,,,,,2026 Q1 Preliminary
FEMP-0198,2026,Q1,485,3-digit,48-49,,485,Transit and ground passenger transportation,Transit and ground passenger transportation,0,1,,,,,,,,,,,,,,,,,,,,2026 Q1 Preliminary
FEMP-0199,2026,Q1,486,3-digit,48-49,,486,Pipeline transportation,Pipeline transportation,0,1,,,,,,,,,,,,,,,,,,,,2026 Q1 Preliminary
FEMP-0200,2026,Q1,487,3-digit,48-49,,487,Scenic and sightseeing transportation,Scenic and sightseeing transportation,0,1,,,,,,,,,,,,,,,,,,,,2026 Q1 Preliminary
FEMP-0201,2026,Q1,488,3-digit,48-49,,488,Support activities for transportation,Support activities for transportation,0,0,18,,134,,,,81984,130,134,139,,,,,,,,,,2026 Q1 Preliminary
FEMP-0202,2026,Q1,491,3-digit,48-49,,491,Postal service,Postal service,0,0,0,,0,,,,0,0,0,0,,,,,,,,,,2026 Q1 Preliminary
FEMP-0203,2026,Q1,492,3-digit,48-49,,492,Couriers and messengers,Couriers and messengers,0,0,12,,529,,,,43880,557,522,508,,,,,,,,,,2026 Q1 Preliminary
FEMP-0204,2026,Q1,493,3-digit,48-49,,493,Warehousing and storage,Warehousing and storage,0,1,,,,,,,,,,,,,,,,,,,,2026 Q1 Preliminary
FEMP-0205,2026,Q1,48-49-OTHER,Residual,48-49,,,Other industries,Other industries,0,0,15,,288,,,,51152,290,285,288,,,,,,,,,,2026 Q1 Preliminary
FEMP-0206,2026,Q1,51,2-digit,51,51,,Information,Information,0,0,52,,255,,,,90816,260,252,253,,,,,,,,,,2026 Q1 Preliminary
FEMP-0207,2026,Q1,512,3-digit,51,,512,Motion picture and sound recording industries,Motion Picture and Sound Recording Industries,0,0,7,,54,,,,30676,54,53,55,,,,,,,,,,2026 Q1 Preliminary
FEMP-0208,2026,Q1,513,3-digit,51,,513,Publishing industries,Publishing Industries,0,0,22,,84,,,,88712,85,82,84,,,,,,,,,,2026 Q1 Preliminary
FEMP-0209,2026,Q1,516,3-digit,51,,516,Broadcasting and content providers,Broadcasting and Content Providers,0,1,,,,,,,,,,,,,,,,,,,,2026 Q1 Preliminary
FEMP-0210,2026,Q1,517,3-digit,51,,517,Telecommunications,Telecommunications,0,0,7,,48,,,,114196,50,47,47,,,,,,,,,,2026 Q1 Preliminary
FEMP-0211,2026,Q1,518,3-digit,51,,518,"Computing infrastructure providers, data processing, web hosting, and related services","Computing Infrastructure Providers, Data Processing, Web Hosting, and Related Services",0,0,7,,42,,,,173752,44,42,41,,,,,,,,,,2026 Q1 Preliminary
FEMP-0212,2026,Q1,519,3-digit,51,,519,"Web serarch portals, libraries, archives, and other information services","Web Search Portals, Libraries, Archives, and Other Information Services",0,1,,,,,,,,,,,,,,,,,,,,2026 Q1 Preliminary
FEMP-0213,2026,Q1,51-OTHER,Residual,51,,,Other industries,Other industries,0,0,9,,27,,,,47052,27,28,26,,,,,,,,,,2026 Q1 Preliminary
FEMP-0214,2026,Q1,52,2-digit,52,52,,Finance and insurance,Finance and insurance,0,0,118,,1013,,,,116220,1006,1011,1023,,,,,,,,,,2026 Q1 Preliminary
FEMP-0215,2026,Q1,521,3-digit,52,,521,Monetary authorities - central bank,Monetary Authorities-Central Bank,0,0,0,,0,,,,0,0,0,0,,,,,,,,,,2026 Q1 Preliminary
FEMP-0216,2026,Q1,522,3-digit,52,,522,Credit intermediation and related activities,Credit Intermediation and Related Activities,0,0,36,,564,,,,106636,557,566,570,,,,,,,,,,2026 Q1 Preliminary
FEMP-0217,2026,Q1,523,3-digit,52,,523,"Securities, commodity contracts, other financial investments and related activities","Securities, Commodity Contracts, and Other Financial Investments and Related Activities",0,1,,,,,,,,,,,,,,,,,,,,2026 Q1 Preliminary
FEMP-0218,2026,Q1,524,3-digit,52,,524,Insurance carriers and related activities,Insurance Carriers and Related Activities,0,0,53,,334,,,,96624,336,331,335,,,,,,,,,,2026 Q1 Preliminary
FEMP-0219,2026,Q1,525,3-digit,52,,525,"Funds, trusts, and other financial vehicles","Funds, Trusts, and Other Financial Vehicles",0,1,,,,,,,,,,,,,,,,,,,,2026 Q1 Preliminary
FEMP-0220,2026,Q1,52-OTHER,Residual,52,,,Other industries,Other industries,0,0,29,,115,,,,220128,113,114,118,,,,,,,,,,2026 Q1 Preliminary
FEMP-0221,2026,Q1,53,2-digit,53,53,,Real estate and rental and leasing,Real estate and rental and leasing,0,0,104,,498,,,,53052,497,497,500,,,,,,,,,,2026 Q1 Preliminary
FEMP-0222,2026,Q1,531,3-digit,53,,531,Real estate,Real estate,0,0,87,,304,,,,48972,305,303,304,,,,,,,,,,2026 Q1 Preliminary
FEMP-0223,2026,Q1,532,3-digit,53,,532,Rental and leasing services,Rental and leasing services,0,0,17,,194,,,,59444,192,194,196,,,,,,,,,,2026 Q1 Preliminary
FEMP-0224,2026,Q1,533,3-digit,53,,533,Lessors of nonfinancial intangible assets (except copyrighted works),Lessors of nonfinancial intangible asset,0,0,0,,0,,,,0,0,0,0,,,,,,,,,,2026 Q1 Preliminary
FEMP-0225,2026,Q1,53-OTHER,Residual,53,,,Other industries,Other industries,0,0,0,,0,,,,0,0,0,0,,,,,,,,,,2026 Q1 Preliminary
FEMP-0226,2026,Q1,54,2-digit,54,54,,"Professional, scientific, and technical services","Professional, scientific, and technical services",0,0,351,,1868,,,,102176,1886,1860,1858,,,,,,,,,,2026 Q1 Preliminary
FEMP-0227,2026,Q1,541,3-digit,54,,541,"Professional, scientific, and technical services","Professional, Scientific, and Technical Services",0,0,351,,1868,,,,102176,1886,1860,1858,,,,,,,,,,2026 Q1 Preliminary
FEMP-0228,2026,Q1,54-OTHER,Residual,54,,,Other industries,Other industries,0,0,0,,0,,,,0,0,0,0,,,,,,,,,,2026 Q1 Preliminary
FEMP-0229,2026,Q1,55,2-digit,55,55,,Management of companies and enterprises,Management of companies and enterprises,0,0,10,,84,,,,119480,85,86,82,,,,,,,,,,2026 Q1 Preliminary
FEMP-0230,2026,Q1,551,3-digit,55,,551,Management of companies and enterprises,Management of companies and enterprises,0,0,10,,84,,,,119480,85,86,82,,,,,,,,,,2026 Q1 Preliminary
FEMP-0231,2026,Q1,55-OTHER,Residual,55,,,Other industries,Other industries,0,0,0,,0,,,,0,0,0,0,,,,,,,,,,2026 Q1 Preliminary
FEMP-0232,2026,Q1,56,2-digit,56,56,,Administrative and waste services,"Administrative, support, waste management and remediation services",0,0,213,,1369,,,,49944,1318,1365,1425,,,,,,,,,,2026 Q1 Preliminary
FEMP-0233,2026,Q1,561,3-digit,56,,561,Administrative and support services,Administrative and Support Services,0,0,199,,1249,,,,45568,1198,1244,1304,,,,,,,,,,2026 Q1 Preliminary
FEMP-0234,2026,Q1,562,3-digit,56,,562,Waste management and remediation services,Waste Management and Remediation Services,0,0,14,,121,,,,94708,120,121,121,,,,,,,,,,2026 Q1 Preliminary
FEMP-0235,2026,Q1,56-OTHER,Residual,56,,,Other industries,Other industries,0,0,0,,0,,,,0,0,0,0,,,,,,,,,,2026 Q1 Preliminary
FEMP-0236,2026,Q1,61,2-digit,61,61,,Educational services,Educational services,0,0,61,,453,,,,44196,433,450,476,,,,,,,,,,2026 Q1 Preliminary
FEMP-0237,2026,Q1,611,3-digit,61,,611,Educational services,Educational services,0,0,61,,453,,,,44196,433,450,476,,,,,,,,,,2026 Q1 Preliminary
FEMP-0238,2026,Q1,61-OTHER,Residual,61,,,Other industries,Other industries,0,0,0,,0,,,,0,0,0,0,,,,,,,,,,2026 Q1 Preliminary
FEMP-0239,2026,Q1,62,2-digit,62,62,,Healthcare and social assistance,Health care and social assistance,0,0,321,,5469,,,,57668,5460,5493,5455,,,,,,,,,,2026 Q1 Preliminary
FEMP-0240,2026,Q1,621,3-digit,62,,621,Ambulatory healthcare services,Ambulatory health care services,0,0,168,,1684,,,,58176,1678,1705,1670,,,,,,,,,,2026 Q1 Preliminary
FEMP-0241,2026,Q1,622,3-digit,62,,622,Hospitals,Hospitals,0,0,4,,471,,,,115748,470,474,470,,,,,,,,,,2026 Q1 Preliminary
FEMP-0242,2026,Q1,623,3-digit,62,,623,Nursing and residential care facilities,Nursing and residential care facilities,0,0,35,,1156,,,,50068,1169,1158,1141,,,,,,,,,,2026 Q1 Preliminary
FEMP-0243,2026,Q1,624,3-digit,62,,624,Social assistance,Social assistance,0,0,114,,2158,,,,48664,2143,2156,2174,,,,,,,,,,2026 Q1 Preliminary
FEMP-0244,2026,Q1,62-OTHER,Residual,62,,,Other industries,Other industries,0,0,0,,0,,,,0,0,0,0,,,,,,,,,,2026 Q1 Preliminary
FEMP-0245,2026,Q1,71,2-digit,71,71,,"Arts, entertainment, and recreation","Arts, entertainment, and recreation",0,0,66,,506,,,,34392,492,503,524,,,,,,,,,,2026 Q1 Preliminary
FEMP-0246,2026,Q1,711,3-digit,71,,711,"Performing arts, spectator sports, and related industries","Performing Arts, Spectator Sports, and Related Industries",0,0,13,,49,,,,34148,47,51,50,,,,,,,,,,2026 Q1 Preliminary
FEMP-0247,2026,Q1,712,3-digit,71,,712,"Museums, historical sites, and similar institutions","Museums, Historical Sites, and Similar Institutions",0,0,10,,70,,,,38308,69,70,70,,,,,,,,,,2026 Q1 Preliminary
FEMP-0248,2026,Q1,713,3-digit,71,,713,"Amusement, gambling, and recreation industries","Amusement, Gambling, and Recreation Industries",0,0,43,,387,,,,33716,376,382,404,,,,,,,,,,2026 Q1 Preliminary
FEMP-0249,2026,Q1,71-OTHER,Residual,71,,,Other industries,Other industries,0,0,0,,0,,,,0,0,0,0,,,,,,,,,,2026 Q1 Preliminary
FEMP-0250,2026,Q1,72,2-digit,72,72,,Accommodation and food services,Accommodation and food services,0,0,361,,4430,,,,30400,4405,4418,4466,,,,,,,,,,2026 Q1 Preliminary
FEMP-0251,2026,Q1,721,3-digit,72,,721,Accommodation,Accommodation,0,0,55,,522,,,,31048,494,536,535,,,,,,,,,,2026 Q1 Preliminary
FEMP-0252,2026,Q1,722,3-digit,72,,722,Food services and drinking places,Food services and drinking places,0,0,306,,3908,,,,30316,3911,3882,3931,,,,,,,,,,2026 Q1 Preliminary
FEMP-0253,2026,Q1,72-OTHER,Residual,72,,,Other industries,Other industries,0,0,0,,0,,,,0,0,0,0,,,,,,,,,,2026 Q1 Preliminary
FEMP-0254,2026,Q1,81,2-digit,81,81,,"Other services, except public administration","Other services, except public administration",0,0,307,,1688,,,,50444,1679,1675,1710,,,,,,,,,,2026 Q1 Preliminary
FEMP-0255,2026,Q1,811,3-digit,81,,811,Repair and maintenance,Repair and Maintenance,0,0,106,,672,,,,67148,669,663,685,,,,,,,,,,2026 Q1 Preliminary
FEMP-0256,2026,Q1,812,3-digit,81,,812,Personal and laundry services,Personal and Laundry Services,0,0,72,,340,,,,31172,343,333,345,,,,,,,,,,2026 Q1 Preliminary
FEMP-0257,2026,Q1,813,3-digit,81,,813,"Religious, grantmaking, civic, professional, and similar organizations","Religious, Grantmaking, Civic, Professional, and Similar Organizations",0,0,91,,641,,,,44316,635,644,643,,,,,,,,,,2026 Q1 Preliminary
FEMP-0258,2026,Q1,814,3-digit,81,,814,Private households,Private Households,0,0,38,,35,,,,29264,32,35,37,,,,,,,,,,2026 Q1 Preliminary
FEMP-0259,2026,Q1,81-OTHER,Residual,81,,,Other industries,Other industries,0,0,0,,0,,,,0,0,0,0,,,,,,,,,,2026 Q1 Preliminary
FEMP-0260,2026,Q1,GOV,2-digit,GOV,GOV,,GOVERNMENT,GOVERNMENT,0,0,113,,12995,,,,80084,12929,12966,13089,,,,,,,,,,2026 Q1 Preliminary
FEMP-0261,2026,Q1,GOV-FED,Government sub-sector,GOV,,,Federal Government,Federal Government,0,0,10,,326,,,,92700,314,319,344,,,,,,,,,,2026 Q1 Preliminary
FEMP-0262,2026,Q1,GOV-STATE,Government sub-sector,GOV,,,State Government,State Government,0,0,34,,1341,,,,77212,1339,1336,1349,,,,,,,,,,2026 Q1 Preliminary
FEMP-0263,2026,Q1,GOV-LOCAL,Government sub-sector,GOV,,,Local Government,Local Government,0,0,69,,11328,,,,80060,11276,11311,11396,,,,,,,,,,2026 Q1 Preliminary
FEMP-0264,2026,Q1,NEC,2-digit,NEC,NEC,,NOT ELSEWHERE CLASSIFIED,NOT ELSEWHERE CLASSIFIED,0,0,0,,0,,,,0,0,0,0,,,,,,,,,,2026 Q1 Preliminary
