Fact_Housing_Key,Jurisdiction_ID,Year,Jurisdiction_Name,Single_Family_Units,Duplex_Units,MultiFamily_3_4_Units,MultiFamily_5_Plus_Units,ADU_Units,Mobile_Home_Units,Total_Permitted_Units,Completed_Units,Demolished_Units,Net_New_Units,Total_Valuation_USD,Data_Source
FHSG-00001,JUR-01,1990,Anacortes,142,40,14,23,0,0,219,219,5,214,0.0,OFM Postcensal Housing Permits (1990-present)
FHSG-00002,JUR-01,1991,Anacortes,84,36,10,0,0,0,130,130,4,126,0.0,OFM Postcensal Housing Permits (1990-present)
FHSG-00003,JUR-01,1992,Anacortes,86,36,13,31,0,0,166,166,8,158,0.0,OFM Postcensal Housing Permits (1990-present)
FHSG-00004,JUR-01,1993,Anacortes,93,6,0,10,0,0,109,99,15,94,0.0,OFM Postcensal Housing Permits (1990-present)
FHSG-00005,JUR-01,1994,Anacortes,98,16,3,24,0,0,141,141,10,131,0.0,OFM Postcensal Housing Permits (1990-present)
FHSG-00006,JUR-01,1995,Anacortes,67,8,6,13,0,0,94,77,2,92,0.0,OFM Postcensal Housing Permits (1990-present)
FHSG-00007,JUR-01,1996,Anacortes,139,20,23,15,0,0,197,152,2,195,0.0,OFM Postcensal Housing Permits (1990-present)
FHSG-00008,JUR-01,1997,Anacortes,186,14,0,16,0,0,216,183,4,212,0.0,OFM Postcensal Housing Permits (1990-present)
FHSG-00009,JUR-01,1998,Anacortes,140,10,0,5,0,0,155,190,3,152,0.0,OFM Postcensal Housing Permits (1990-present)
FHSG-00010,JUR-01,1999,Anacortes,158,18,0,8,0,0,184,182,1,183,0.0,OFM Postcensal Housing Permits (1990-present)
FHSG-00011,JUR-01,2000,Anacortes,165,10,0,6,0,0,181,189,0,181,0.0,OFM Postcensal Housing Permits (1990-present)
FHSG-00012,JUR-01,2001,Anacortes,108,10,6,0,0,0,124,124,2,122,0.0,OFM Postcensal Housing Permits (1990-present)
FHSG-00013,JUR-01,2002,Anacortes,85,20,0,12,0,0,117,120,1,116,0.0,OFM Postcensal Housing Permits (1990-present)
FHSG-00014,JUR-01,2003,Anacortes,100,12,0,0,0,0,112,110,2,110,0.0,OFM Postcensal Housing Permits (1990-present)
FHSG-00015,JUR-01,2004,Anacortes,129,14,0,0,0,0,143,78,7,136,0.0,OFM Postcensal Housing Permits (1990-present)
FHSG-00016,JUR-01,2005,Anacortes,186,30,0,0,0,0,216,114,33,183,0.0,OFM Postcensal Housing Permits (1990-present)
FHSG-00017,JUR-01,2006,Anacortes,147,34,0,30,0,0,211,254,10,201,0.0,OFM Postcensal Housing Permits (1990-present)
FHSG-00018,JUR-01,2007,Anacortes,86,14,0,0,0,0,100,174,31,69,0.0,OFM Postcensal Housing Permits (1990-present)
FHSG-00019,JUR-01,2008,Anacortes,86,2,0,0,0,0,88,105,2,86,0.0,OFM Postcensal Housing Permits (1990-present)
FHSG-00020,JUR-01,2009,Anacortes,32,0,0,6,0,0,38,71,6,32,0.0,OFM Postcensal Housing Permits (1990-present)
FHSG-00021,JUR-01,2010,Anacortes,30,0,0,1,0,0,31,30,11,20,0.0,OFM Postcensal Housing Permits (1990-present)
FHSG-00022,JUR-01,2011,Anacortes,36,2,0,0,2,0,40,48,0,40,0.0,OFM Postcensal Housing Permits (1990-present)
FHSG-00023,JUR-01,2012,Anacortes,35,0,0,0,3,0,38,39,0,38,0.0,OFM Postcensal Housing Permits (1990-present)
FHSG-00024,JUR-01,2013,Anacortes,55,0,0,0,1,0,56,63,3,53,0.0,OFM Postcensal Housing Permits (1990-present)
FHSG-00025,JUR-01,2014,Anacortes,49,2,0,0,3,0,54,38,6,48,0.0,OFM Postcensal Housing Permits (1990-present)
FHSG-00026,JUR-01,2015,Anacortes,29,0,0,0,1,0,30,27,14,16,0.0,OFM Postcensal Housing Permits (1990-present)
FHSG-00027,JUR-01,2016,Anacortes,48,6,0,17,4,0,75,113,0,75,0.0,OFM Postcensal Housing Permits (1990-present)
FHSG-00028,JUR-01,2017,Anacortes,82,14,0,0,6,0,102,92,9,93,0.0,OFM Postcensal Housing Permits (1990-present)
FHSG-00029,JUR-01,2018,Anacortes,99,4,0,0,13,0,116,50,0,116,0.0,OFM Postcensal Housing Permits (1990-present)
FHSG-00030,JUR-01,2019,Anacortes,71,2,0,20,0,0,93,146,13,80,0.0,OFM Postcensal Housing Permits (1990-present)
FHSG-00031,JUR-01,2020,Anacortes,59,0,4,0,6,0,69,86,3,66,0.0,OFM Postcensal Housing Permits (1990-present)
FHSG-00032,JUR-01,2021,Anacortes,56,12,11,25,16,0,120,53,9,111,0.0,OFM Postcensal Housing Permits (1990-present)
FHSG-00033,JUR-01,2022,Anacortes,73,6,31,50,0,0,160,71,10,150,0.0,OFM Postcensal Housing Permits (1990-present)
FHSG-00034,JUR-01,2023,Anacortes,34,10,3,15,10,0,72,104,9,63,0.0,OFM Postcensal Housing Permits (1990-present)
FHSG-00035,JUR-01,2024,Anacortes,25,0,0,38,11,0,74,190,2,72,0.0,OFM Postcensal Housing Permits (1990-present)
FHSG-00036,JUR-01,2025,Anacortes,19,2,0,0,10,0,31,50,7,24,0.0,OFM Postcensal Housing Permits (1990-present)
FHSG-00037,JUR-01,2026,Anacortes,13,4,0,0,13,0,30,38,5,25,0.0,OFM Postcensal Housing Permits (1990-present)
FHSG-00038,JUR-02,1990,Burlington,8,2,0,216,0,0,226,88,1,225,0.0,OFM Postcensal Housing Permits (1990-present)
FHSG-00039,JUR-02,1991,Burlington,21,0,22,132,0,0,175,174,6,169,0.0,OFM Postcensal Housing Permits (1990-present)
FHSG-00040,JUR-02,1992,Burlington,9,2,0,6,0,0,17,14,3,14,0.0,OFM Postcensal Housing Permits (1990-present)
FHSG-00041,JUR-02,1993,Burlington,8,0,0,0,0,0,8,8,7,1,0.0,OFM Postcensal Housing Permits (1990-present)
FHSG-00042,JUR-02,1994,Burlington,93,0,0,40,0,0,133,133,0,133,0.0,OFM Postcensal Housing Permits (1990-present)
FHSG-00043,JUR-02,1995,Burlington,27,2,4,0,0,0,33,33,3,30,0.0,OFM Postcensal Housing Permits (1990-present)
FHSG-00044,JUR-02,1996,Burlington,26,2,53,0,0,0,81,31,2,79,0.0,OFM Postcensal Housing Permits (1990-present)
FHSG-00045,JUR-02,1997,Burlington,1,0,0,0,0,0,1,1,1,0,0.0,OFM Postcensal Housing Permits (1990-present)
FHSG-00046,JUR-02,1998,Burlington,5,0,0,0,0,0,5,5,0,5,0.0,OFM Postcensal Housing Permits (1990-present)
FHSG-00047,JUR-02,1999,Burlington,14,4,11,0,0,0,29,21,0,29,0.0,OFM Postcensal Housing Permits (1990-present)
FHSG-00048,JUR-02,2000,Burlington,40,2,14,0,0,0,56,22,11,45,0.0,OFM Postcensal Housing Permits (1990-present)
FHSG-00049,JUR-02,2001,Burlington,79,10,0,101,0,0,190,77,1,189,0.0,OFM Postcensal Housing Permits (1990-present)
FHSG-00050,JUR-02,2002,Burlington,70,18,0,96,0,0,184,194,2,182,0.0,OFM Postcensal Housing Permits (1990-present)
FHSG-00051,JUR-02,2003,Burlington,39,18,0,0,0,0,57,141,2,55,0.0,OFM Postcensal Housing Permits (1990-present)
FHSG-00052,JUR-02,2004,Burlington,37,0,0,0,0,0,37,76,2,35,0.0,OFM Postcensal Housing Permits (1990-present)
FHSG-00053,JUR-02,2005,Burlington,113,34,0,0,0,0,147,100,3,144,0.0,OFM Postcensal Housing Permits (1990-present)
FHSG-00054,JUR-02,2006,Burlington,80,10,0,10,0,0,100,130,9,91,0.0,OFM Postcensal Housing Permits (1990-present)
FHSG-00055,JUR-02,2007,Burlington,35,4,4,0,0,0,43,48,10,33,0.0,OFM Postcensal Housing Permits (1990-present)
FHSG-00056,JUR-02,2008,Burlington,23,4,4,0,0,0,31,44,7,24,0.0,OFM Postcensal Housing Permits (1990-present)
FHSG-00057,JUR-02,2009,Burlington,6,10,0,0,0,0,16,26,6,10,0.0,OFM Postcensal Housing Permits (1990-present)
FHSG-00058,JUR-02,2010,Burlington,2,16,0,68,0,0,86,82,3,83,0.0,OFM Postcensal Housing Permits (1990-present)
FHSG-00059,JUR-02,2011,Burlington,8,4,0,0,0,0,12,22,4,8,0.0,OFM Postcensal Housing Permits (1990-present)
FHSG-00060,JUR-02,2012,Burlington,2,0,0,0,0,0,2,1,0,2,0.0,OFM Postcensal Housing Permits (1990-present)
FHSG-00061,JUR-02,2013,Burlington,3,0,0,0,0,0,3,4,2,1,0.0,OFM Postcensal Housing Permits (1990-present)
FHSG-00062,JUR-02,2014,Burlington,1,2,0,0,0,0,3,0,0,3,0.0,OFM Postcensal Housing Permits (1990-present)
FHSG-00063,JUR-02,2015,Burlington,1,20,0,0,0,0,21,13,0,21,0.0,OFM Postcensal Housing Permits (1990-present)
FHSG-00064,JUR-02,2016,Burlington,6,20,0,0,0,0,26,40,1,25,0.0,OFM Postcensal Housing Permits (1990-present)
FHSG-00065,JUR-02,2017,Burlington,8,4,0,0,0,0,12,10,1,11,0.0,OFM Postcensal Housing Permits (1990-present)
FHSG-00066,JUR-02,2018,Burlington,24,10,3,84,1,0,122,124,13,109,0.0,OFM Postcensal Housing Permits (1990-present)
FHSG-00067,JUR-02,2019,Burlington,30,12,0,0,0,0,42,33,3,39,0.0,OFM Postcensal Housing Permits (1990-present)
FHSG-00068,JUR-02,2020,Burlington,36,13,0,72,0,0,121,57,4,117,0.0,OFM Postcensal Housing Permits (1990-present)
FHSG-00069,JUR-02,2021,Burlington,1,0,15,236,1,0,253,85,3,250,0.0,OFM Postcensal Housing Permits (1990-present)
FHSG-00070,JUR-02,2022,Burlington,12,2,0,0,1,0,15,242,3,12,0.0,OFM Postcensal Housing Permits (1990-present)
FHSG-00071,JUR-02,2023,Burlington,4,0,4,382,0,0,390,46,1,389,0.0,OFM Postcensal Housing Permits (1990-present)
FHSG-00072,JUR-02,2024,Burlington,4,4,0,202,3,0,213,263,2,211,0.0,OFM Postcensal Housing Permits (1990-present)
FHSG-00073,JUR-02,2025,Burlington,4,0,0,211,2,0,217,259,9,208,0.0,OFM Postcensal Housing Permits (1990-present)
FHSG-00074,JUR-02,2026,Burlington,1,2,4,42,3,0,52,121,3,49,0.0,OFM Postcensal Housing Permits (1990-present)
FHSG-00075,JUR-03,1990,Concrete,0,0,0,0,0,0,0,0,0,0,0.0,OFM Postcensal Housing Permits (1990-present)
FHSG-00076,JUR-03,1991,Concrete,0,0,0,0,0,0,0,0,0,0,0.0,OFM Postcensal Housing Permits (1990-present)
FHSG-00077,JUR-03,1992,Concrete,0,0,0,0,0,0,0,0,1,-1,0.0,OFM Postcensal Housing Permits (1990-present)
FHSG-00078,JUR-03,1993,Concrete,0,0,0,0,0,0,0,0,0,0,0.0,OFM Postcensal Housing Permits (1990-present)
FHSG-00079,JUR-03,1994,Concrete,0,0,0,6,0,0,6,6,1,5,0.0,OFM Postcensal Housing Permits (1990-present)
FHSG-00080,JUR-03,1995,Concrete,0,0,0,0,0,0,0,0,0,0,0.0,OFM Postcensal Housing Permits (1990-present)
FHSG-00081,JUR-03,1996,Concrete,1,0,8,6,0,0,15,21,0,15,0.0,OFM Postcensal Housing Permits (1990-present)
FHSG-00082,JUR-03,1997,Concrete,2,0,0,0,0,0,2,2,0,2,0.0,OFM Postcensal Housing Permits (1990-present)
FHSG-00083,JUR-03,1998,Concrete,0,0,0,0,0,0,0,0,1,-1,0.0,OFM Postcensal Housing Permits (1990-present)
FHSG-00084,JUR-03,1999,Concrete,0,0,0,0,0,0,0,1,0,0,0.0,OFM Postcensal Housing Permits (1990-present)
FHSG-00085,JUR-03,2000,Concrete,1,0,0,0,0,0,1,1,0,1,0.0,OFM Postcensal Housing Permits (1990-present)
FHSG-00086,JUR-03,2001,Concrete,1,0,0,0,0,0,1,1,0,1,0.0,OFM Postcensal Housing Permits (1990-present)
FHSG-00087,JUR-03,2002,Concrete,0,0,0,0,0,0,0,0,1,-1,0.0,OFM Postcensal Housing Permits (1990-present)
FHSG-00088,JUR-03,2003,Concrete,1,0,0,0,0,0,1,0,0,1,0.0,OFM Postcensal Housing Permits (1990-present)
FHSG-00089,JUR-03,2004,Concrete,0,0,0,0,0,0,0,0,0,0,0.0,OFM Postcensal Housing Permits (1990-present)
FHSG-00090,JUR-03,2005,Concrete,7,0,0,0,0,0,7,4,0,7,0.0,OFM Postcensal Housing Permits (1990-present)
FHSG-00091,JUR-03,2006,Concrete,10,0,4,0,0,0,14,12,0,14,0.0,OFM Postcensal Housing Permits (1990-present)
FHSG-00092,JUR-03,2007,Concrete,16,0,4,1,0,0,21,5,1,20,0.0,OFM Postcensal Housing Permits (1990-present)
FHSG-00093,JUR-03,2008,Concrete,1,0,0,0,0,0,1,0,0,1,0.0,OFM Postcensal Housing Permits (1990-present)
FHSG-00094,JUR-03,2009,Concrete,0,0,0,0,0,0,0,0,3,-3,0.0,OFM Postcensal Housing Permits (1990-present)
FHSG-00095,JUR-03,2010,Concrete,0,0,0,0,0,0,0,0,1,-1,0.0,OFM Postcensal Housing Permits (1990-present)
FHSG-00096,JUR-03,2011,Concrete,0,0,0,0,0,0,0,0,1,-1,0.0,OFM Postcensal Housing Permits (1990-present)
FHSG-00097,JUR-03,2012,Concrete,0,0,0,0,0,0,0,0,0,0,0.0,OFM Postcensal Housing Permits (1990-present)
FHSG-00098,JUR-03,2013,Concrete,3,0,0,0,0,0,3,1,1,2,0.0,OFM Postcensal Housing Permits (1990-present)
FHSG-00099,JUR-03,2014,Concrete,3,0,0,0,0,0,3,4,0,3,0.0,OFM Postcensal Housing Permits (1990-present)
FHSG-00100,JUR-03,2015,Concrete,1,0,0,0,0,0,1,0,0,1,0.0,OFM Postcensal Housing Permits (1990-present)
FHSG-00101,JUR-03,2016,Concrete,2,0,0,0,0,0,2,2,0,2,0.0,OFM Postcensal Housing Permits (1990-present)
FHSG-00102,JUR-03,2017,Concrete,1,0,0,0,0,0,1,2,1,0,0.0,OFM Postcensal Housing Permits (1990-present)
FHSG-00103,JUR-03,2018,Concrete,3,0,0,0,0,0,3,1,2,1,0.0,OFM Postcensal Housing Permits (1990-present)
FHSG-00104,JUR-03,2019,Concrete,1,0,0,0,0,0,1,3,0,1,0.0,OFM Postcensal Housing Permits (1990-present)
FHSG-00105,JUR-03,2020,Concrete,2,0,0,0,0,0,2,3,0,2,0.0,OFM Postcensal Housing Permits (1990-present)
FHSG-00106,JUR-03,2021,Concrete,4,0,0,0,0,0,4,1,0,4,0.0,OFM Postcensal Housing Permits (1990-present)
FHSG-00107,JUR-03,2022,Concrete,3,0,0,0,0,0,3,4,1,2,0.0,OFM Postcensal Housing Permits (1990-present)
FHSG-00108,JUR-03,2023,Concrete,0,0,0,0,0,0,0,0,0,0,0.0,OFM Postcensal Housing Permits (1990-present)
FHSG-00109,JUR-03,2024,Concrete,0,0,0,0,0,0,0,1,0,0,0.0,OFM Postcensal Housing Permits (1990-present)
FHSG-00110,JUR-03,2025,Concrete,1,0,0,21,0,0,22,1,0,22,0.0,OFM Postcensal Housing Permits (1990-present)
FHSG-00111,JUR-03,2026,Concrete,0,0,0,0,0,0,0,1,0,0,0.0,OFM Postcensal Housing Permits (1990-present)
FHSG-00112,JUR-04,1990,Hamilton,0,0,0,0,0,0,0,0,0,0,0.0,OFM Postcensal Housing Permits (1990-present)
FHSG-00113,JUR-04,1991,Hamilton,0,0,0,0,0,0,0,0,0,0,0.0,OFM Postcensal Housing Permits (1990-present)
FHSG-00114,JUR-04,1992,Hamilton,0,0,0,0,0,0,0,0,0,0,0.0,OFM Postcensal Housing Permits (1990-present)
FHSG-00115,JUR-04,1993,Hamilton,2,0,0,0,0,0,2,2,0,2,0.0,OFM Postcensal Housing Permits (1990-present)
FHSG-00116,JUR-04,1994,Hamilton,0,0,0,0,0,0,0,0,0,0,0.0,OFM Postcensal Housing Permits (1990-present)
FHSG-00117,JUR-04,1995,Hamilton,0,0,0,0,0,0,0,0,1,-1,0.0,OFM Postcensal Housing Permits (1990-present)
FHSG-00118,JUR-04,1996,Hamilton,0,0,0,0,0,0,0,0,1,-1,0.0,OFM Postcensal Housing Permits (1990-present)
FHSG-00119,JUR-04,1997,Hamilton,0,0,0,0,0,0,0,0,0,0,0.0,OFM Postcensal Housing Permits (1990-present)
FHSG-00120,JUR-04,1998,Hamilton,0,0,0,0,0,0,0,0,0,0,0.0,OFM Postcensal Housing Permits (1990-present)
FHSG-00121,JUR-04,1999,Hamilton,0,0,0,0,0,0,0,0,0,0,0.0,OFM Postcensal Housing Permits (1990-present)
FHSG-00122,JUR-04,2000,Hamilton,0,0,0,0,0,0,0,0,0,0,0.0,OFM Postcensal Housing Permits (1990-present)
FHSG-00123,JUR-04,2001,Hamilton,0,0,0,0,0,0,0,0,0,0,0.0,OFM Postcensal Housing Permits (1990-present)
FHSG-00124,JUR-04,2002,Hamilton,0,0,0,0,0,0,0,0,0,0,0.0,OFM Postcensal Housing Permits (1990-present)
FHSG-00125,JUR-04,2003,Hamilton,0,0,0,0,0,0,0,0,0,0,0.0,OFM Postcensal Housing Permits (1990-present)
FHSG-00126,JUR-04,2004,Hamilton,0,0,0,0,0,0,0,0,2,-2,0.0,OFM Postcensal Housing Permits (1990-present)
FHSG-00127,JUR-04,2005,Hamilton,0,0,0,0,0,0,0,0,2,-2,0.0,OFM Postcensal Housing Permits (1990-present)
FHSG-00128,JUR-04,2006,Hamilton,0,0,0,0,0,0,0,0,1,-1,0.0,OFM Postcensal Housing Permits (1990-present)
FHSG-00129,JUR-04,2007,Hamilton,0,0,0,0,0,0,0,0,0,0,0.0,OFM Postcensal Housing Permits (1990-present)
FHSG-00130,JUR-04,2008,Hamilton,0,0,0,0,0,0,0,0,0,0,0.0,OFM Postcensal Housing Permits (1990-present)
FHSG-00131,JUR-04,2009,Hamilton,0,0,0,0,0,0,0,0,2,-2,0.0,OFM Postcensal Housing Permits (1990-present)
FHSG-00132,JUR-04,2010,Hamilton,0,0,0,0,0,0,0,0,0,0,0.0,OFM Postcensal Housing Permits (1990-present)
FHSG-00133,JUR-04,2011,Hamilton,0,0,0,0,0,0,0,0,0,0,0.0,OFM Postcensal Housing Permits (1990-present)
FHSG-00134,JUR-04,2012,Hamilton,0,0,0,0,0,0,0,0,0,0,0.0,OFM Postcensal Housing Permits (1990-present)
FHSG-00135,JUR-04,2013,Hamilton,0,0,0,0,0,0,0,0,0,0,0.0,OFM Postcensal Housing Permits (1990-present)
FHSG-00136,JUR-04,2014,Hamilton,0,0,0,0,0,0,0,0,0,0,0.0,OFM Postcensal Housing Permits (1990-present)
FHSG-00137,JUR-04,2015,Hamilton,0,0,0,0,0,0,0,0,0,0,0.0,OFM Postcensal Housing Permits (1990-present)
FHSG-00138,JUR-04,2016,Hamilton,0,0,0,0,0,0,0,0,0,0,0.0,OFM Postcensal Housing Permits (1990-present)
FHSG-00139,JUR-04,2017,Hamilton,0,0,0,0,0,0,0,0,1,-1,0.0,OFM Postcensal Housing Permits (1990-present)
FHSG-00140,JUR-04,2018,Hamilton,0,0,0,0,0,0,0,0,1,-1,0.0,OFM Postcensal Housing Permits (1990-present)
FHSG-00141,JUR-04,2019,Hamilton,0,0,0,0,0,0,0,0,0,0,0.0,OFM Postcensal Housing Permits (1990-present)
FHSG-00142,JUR-04,2020,Hamilton,0,0,0,0,0,0,0,0,0,0,0.0,OFM Postcensal Housing Permits (1990-present)
FHSG-00143,JUR-04,2021,Hamilton,0,0,0,0,0,0,0,0,1,-1,0.0,OFM Postcensal Housing Permits (1990-present)
FHSG-00144,JUR-04,2022,Hamilton,0,0,0,0,0,0,0,0,0,0,0.0,OFM Postcensal Housing Permits (1990-present)
FHSG-00145,JUR-04,2023,Hamilton,0,0,0,0,0,0,0,0,0,0,0.0,OFM Postcensal Housing Permits (1990-present)
FHSG-00146,JUR-04,2024,Hamilton,0,0,0,0,0,0,0,0,0,0,0.0,OFM Postcensal Housing Permits (1990-present)
FHSG-00147,JUR-04,2025,Hamilton,0,0,0,0,0,0,0,0,0,0,0.0,OFM Postcensal Housing Permits (1990-present)
FHSG-00148,JUR-04,2026,Hamilton,0,0,0,0,0,0,0,0,3,-3,0.0,OFM Postcensal Housing Permits (1990-present)
FHSG-00149,JUR-05,1990,La Conner,2,4,7,16,0,0,29,20,0,29,0.0,OFM Postcensal Housing Permits (1990-present)
FHSG-00150,JUR-05,1991,La Conner,2,0,15,0,0,0,17,14,1,16,0.0,OFM Postcensal Housing Permits (1990-present)
FHSG-00151,JUR-05,1992,La Conner,7,0,0,0,0,0,7,6,1,6,0.0,OFM Postcensal Housing Permits (1990-present)
FHSG-00152,JUR-05,1993,La Conner,12,0,0,0,0,0,12,8,0,12,0.0,OFM Postcensal Housing Permits (1990-present)
FHSG-00153,JUR-05,1994,La Conner,5,0,0,0,0,0,5,3,0,5,0.0,OFM Postcensal Housing Permits (1990-present)
FHSG-00154,JUR-05,1995,La Conner,4,4,7,0,0,0,15,9,0,15,0.0,OFM Postcensal Housing Permits (1990-present)
FHSG-00155,JUR-05,1996,La Conner,4,2,0,0,0,0,6,14,0,6,0.0,OFM Postcensal Housing Permits (1990-present)
FHSG-00156,JUR-05,1997,La Conner,6,0,0,7,0,0,13,5,0,13,0.0,OFM Postcensal Housing Permits (1990-present)
FHSG-00157,JUR-05,1998,La Conner,3,0,0,67,0,0,70,1,1,69,0.0,OFM Postcensal Housing Permits (1990-present)
FHSG-00158,JUR-05,1999,La Conner,2,0,0,67,0,0,69,69,0,69,0.0,OFM Postcensal Housing Permits (1990-present)
FHSG-00159,JUR-05,2000,La Conner,3,4,13,5,0,0,25,3,1,24,0.0,OFM Postcensal Housing Permits (1990-present)
FHSG-00160,JUR-05,2001,La Conner,2,0,0,0,0,0,2,2,0,2,0.0,OFM Postcensal Housing Permits (1990-present)
FHSG-00161,JUR-05,2002,La Conner,3,0,0,0,0,0,3,0,0,3,0.0,OFM Postcensal Housing Permits (1990-present)
FHSG-00162,JUR-05,2003,La Conner,0,0,0,0,0,0,0,5,0,0,0.0,OFM Postcensal Housing Permits (1990-present)
FHSG-00163,JUR-05,2004,La Conner,4,0,0,0,0,0,4,5,0,4,0.0,OFM Postcensal Housing Permits (1990-present)
FHSG-00164,JUR-05,2005,La Conner,17,0,0,0,0,0,17,5,0,17,0.0,OFM Postcensal Housing Permits (1990-present)
FHSG-00165,JUR-05,2006,La Conner,16,0,0,0,0,0,16,16,0,16,0.0,OFM Postcensal Housing Permits (1990-present)
FHSG-00166,JUR-05,2007,La Conner,15,0,0,0,0,0,15,8,0,15,0.0,OFM Postcensal Housing Permits (1990-present)
FHSG-00167,JUR-05,2008,La Conner,6,0,0,1,0,0,7,4,0,7,0.0,OFM Postcensal Housing Permits (1990-present)
FHSG-00168,JUR-05,2009,La Conner,2,0,0,0,0,0,2,5,0,2,0.0,OFM Postcensal Housing Permits (1990-present)
FHSG-00169,JUR-05,2010,La Conner,1,0,0,0,0,0,1,2,0,1,0.0,OFM Postcensal Housing Permits (1990-present)
FHSG-00170,JUR-05,2011,La Conner,1,0,0,0,0,0,1,1,3,-2,0.0,OFM Postcensal Housing Permits (1990-present)
FHSG-00171,JUR-05,2012,La Conner,0,2,0,0,0,0,2,2,0,2,0.0,OFM Postcensal Housing Permits (1990-present)
FHSG-00172,JUR-05,2013,La Conner,1,0,0,0,0,0,1,0,0,1,0.0,OFM Postcensal Housing Permits (1990-present)
FHSG-00173,JUR-05,2014,La Conner,0,2,0,0,0,0,2,3,0,2,0.0,OFM Postcensal Housing Permits (1990-present)
FHSG-00174,JUR-05,2015,La Conner,1,0,0,0,0,0,1,2,0,1,0.0,OFM Postcensal Housing Permits (1990-present)
FHSG-00175,JUR-05,2016,La Conner,5,0,0,0,0,0,5,3,0,5,0.0,OFM Postcensal Housing Permits (1990-present)
FHSG-00176,JUR-05,2017,La Conner,4,0,3,0,0,0,7,11,0,7,0.0,OFM Postcensal Housing Permits (1990-present)
FHSG-00177,JUR-05,2018,La Conner,2,2,0,0,0,0,4,6,0,4,0.0,OFM Postcensal Housing Permits (1990-present)
FHSG-00178,JUR-05,2019,La Conner,2,2,3,0,0,0,7,2,1,6,0.0,OFM Postcensal Housing Permits (1990-present)
FHSG-00179,JUR-05,2020,La Conner,2,0,4,0,1,0,7,3,0,7,0.0,OFM Postcensal Housing Permits (1990-present)
FHSG-00180,JUR-05,2021,La Conner,0,0,0,0,0,0,0,4,0,0,0.0,OFM Postcensal Housing Permits (1990-present)
FHSG-00181,JUR-05,2022,La Conner,11,2,0,0,1,0,14,5,0,14,0.0,OFM Postcensal Housing Permits (1990-present)
FHSG-00182,JUR-05,2023,La Conner,9,0,0,0,0,0,9,5,0,9,0.0,OFM Postcensal Housing Permits (1990-present)
FHSG-00183,JUR-05,2024,La Conner,0,0,6,0,0,0,6,7,0,6,0.0,OFM Postcensal Housing Permits (1990-present)
FHSG-00184,JUR-05,2025,La Conner,2,0,0,0,1,0,3,0,0,3,0.0,OFM Postcensal Housing Permits (1990-present)
FHSG-00185,JUR-05,2026,La Conner,3,0,4,0,0,0,7,0,1,6,0.0,OFM Postcensal Housing Permits (1990-present)
FHSG-00186,JUR-06,1990,Lyman,0,0,0,0,0,0,0,0,0,0,0.0,OFM Postcensal Housing Permits (1990-present)
FHSG-00187,JUR-06,1991,Lyman,0,0,0,0,0,0,0,0,0,0,0.0,OFM Postcensal Housing Permits (1990-present)
FHSG-00188,JUR-06,1992,Lyman,0,0,0,0,0,0,0,0,0,0,0.0,OFM Postcensal Housing Permits (1990-present)
FHSG-00189,JUR-06,1993,Lyman,0,0,0,0,0,0,0,0,0,0,0.0,OFM Postcensal Housing Permits (1990-present)
FHSG-00190,JUR-06,1994,Lyman,0,0,0,0,0,0,0,0,0,0,0.0,OFM Postcensal Housing Permits (1990-present)
FHSG-00191,JUR-06,1995,Lyman,0,0,0,0,0,0,0,0,0,0,0.0,OFM Postcensal Housing Permits (1990-present)
FHSG-00192,JUR-06,1996,Lyman,1,0,0,0,0,0,1,1,0,1,0.0,OFM Postcensal Housing Permits (1990-present)
FHSG-00193,JUR-06,1997,Lyman,0,0,0,0,0,0,0,0,0,0,0.0,OFM Postcensal Housing Permits (1990-present)
FHSG-00194,JUR-06,1998,Lyman,0,0,0,0,0,0,0,0,0,0,0.0,OFM Postcensal Housing Permits (1990-present)
FHSG-00195,JUR-06,1999,Lyman,0,0,0,0,0,0,0,0,0,0,0.0,OFM Postcensal Housing Permits (1990-present)
FHSG-00196,JUR-06,2000,Lyman,0,0,0,0,0,0,0,0,0,0,0.0,OFM Postcensal Housing Permits (1990-present)
FHSG-00197,JUR-06,2001,Lyman,1,0,0,0,0,0,1,0,0,1,0.0,OFM Postcensal Housing Permits (1990-present)
FHSG-00198,JUR-06,2002,Lyman,2,0,0,0,0,0,2,0,0,2,0.0,OFM Postcensal Housing Permits (1990-present)
FHSG-00199,JUR-06,2003,Lyman,3,0,0,0,0,0,3,3,0,3,0.0,OFM Postcensal Housing Permits (1990-present)
FHSG-00200,JUR-06,2004,Lyman,5,0,0,0,0,0,5,4,0,5,0.0,OFM Postcensal Housing Permits (1990-present)
FHSG-00201,JUR-06,2005,Lyman,6,0,0,0,0,0,6,4,0,6,0.0,OFM Postcensal Housing Permits (1990-present)
FHSG-00202,JUR-06,2006,Lyman,2,0,0,0,0,0,2,1,0,2,0.0,OFM Postcensal Housing Permits (1990-present)
FHSG-00203,JUR-06,2007,Lyman,1,0,0,0,0,0,1,1,1,0,0.0,OFM Postcensal Housing Permits (1990-present)
FHSG-00204,JUR-06,2008,Lyman,0,0,0,0,0,0,0,0,1,-1,0.0,OFM Postcensal Housing Permits (1990-present)
FHSG-00205,JUR-06,2009,Lyman,2,0,0,0,0,0,2,0,0,2,0.0,OFM Postcensal Housing Permits (1990-present)
FHSG-00206,JUR-06,2010,Lyman,2,0,0,0,0,0,2,2,1,1,0.0,OFM Postcensal Housing Permits (1990-present)
FHSG-00207,JUR-06,2011,Lyman,0,0,0,0,0,0,0,1,0,0,0.0,OFM Postcensal Housing Permits (1990-present)
FHSG-00208,JUR-06,2012,Lyman,0,0,0,0,0,0,0,0,0,0,0.0,OFM Postcensal Housing Permits (1990-present)
FHSG-00209,JUR-06,2013,Lyman,0,0,0,0,0,0,0,0,0,0,0.0,OFM Postcensal Housing Permits (1990-present)
FHSG-00210,JUR-06,2014,Lyman,3,0,0,0,0,0,3,2,0,3,0.0,OFM Postcensal Housing Permits (1990-present)
FHSG-00211,JUR-06,2015,Lyman,0,0,0,0,0,0,0,0,0,0,0.0,OFM Postcensal Housing Permits (1990-present)
FHSG-00212,JUR-06,2016,Lyman,0,0,0,0,0,0,0,1,0,0,0.0,OFM Postcensal Housing Permits (1990-present)
FHSG-00213,JUR-06,2017,Lyman,2,0,0,0,0,0,2,1,0,2,0.0,OFM Postcensal Housing Permits (1990-present)
FHSG-00214,JUR-06,2018,Lyman,0,0,0,0,0,0,0,1,1,-1,0.0,OFM Postcensal Housing Permits (1990-present)
FHSG-00215,JUR-06,2019,Lyman,0,0,0,0,0,0,0,0,4,-4,0.0,OFM Postcensal Housing Permits (1990-present)
FHSG-00216,JUR-06,2020,Lyman,1,0,0,0,0,0,1,0,0,1,0.0,OFM Postcensal Housing Permits (1990-present)
FHSG-00217,JUR-06,2021,Lyman,1,0,0,0,0,0,1,0,0,1,0.0,OFM Postcensal Housing Permits (1990-present)
FHSG-00218,JUR-06,2022,Lyman,0,0,0,0,1,0,1,0,0,1,0.0,OFM Postcensal Housing Permits (1990-present)
FHSG-00219,JUR-06,2023,Lyman,0,0,0,0,0,0,0,0,0,0,0.0,OFM Postcensal Housing Permits (1990-present)
FHSG-00220,JUR-06,2024,Lyman,1,0,0,0,0,0,1,1,0,1,0.0,OFM Postcensal Housing Permits (1990-present)
FHSG-00221,JUR-06,2025,Lyman,3,0,0,0,0,0,3,4,0,3,0.0,OFM Postcensal Housing Permits (1990-present)
FHSG-00222,JUR-06,2026,Lyman,1,0,0,0,0,0,1,2,0,1,0.0,OFM Postcensal Housing Permits (1990-present)
FHSG-00223,JUR-07,1990,Mount Vernon,185,22,29,18,0,0,254,177,5,249,0.0,OFM Postcensal Housing Permits (1990-present)
FHSG-00224,JUR-07,1991,Mount Vernon,153,28,35,56,0,0,272,239,3,269,0.0,OFM Postcensal Housing Permits (1990-present)
FHSG-00225,JUR-07,1992,Mount Vernon,187,36,12,106,0,0,341,271,5,336,0.0,OFM Postcensal Housing Permits (1990-present)
FHSG-00226,JUR-07,1993,Mount Vernon,208,2,36,21,0,0,267,343,9,258,0.0,OFM Postcensal Housing Permits (1990-present)
FHSG-00227,JUR-07,1994,Mount Vernon,155,28,42,14,0,0,239,187,8,231,0.0,OFM Postcensal Housing Permits (1990-present)
FHSG-00228,JUR-07,1995,Mount Vernon,126,10,31,0,0,0,167,224,2,165,0.0,OFM Postcensal Housing Permits (1990-present)
FHSG-00229,JUR-07,1996,Mount Vernon,62,2,7,153,0,0,224,112,7,217,0.0,OFM Postcensal Housing Permits (1990-present)
FHSG-00230,JUR-07,1997,Mount Vernon,49,0,7,45,0,0,101,240,1,100,0.0,OFM Postcensal Housing Permits (1990-present)
FHSG-00231,JUR-07,1998,Mount Vernon,79,4,8,8,0,0,99,138,32,67,0.0,OFM Postcensal Housing Permits (1990-present)
FHSG-00232,JUR-07,1999,Mount Vernon,98,6,3,106,0,0,213,107,15,198,0.0,OFM Postcensal Housing Permits (1990-present)
FHSG-00233,JUR-07,2000,Mount Vernon,87,14,39,57,0,0,197,214,9,188,0.0,OFM Postcensal Housing Permits (1990-present)
FHSG-00234,JUR-07,2001,Mount Vernon,100,6,0,55,0,0,161,102,22,139,0.0,OFM Postcensal Housing Permits (1990-present)
FHSG-00235,JUR-07,2002,Mount Vernon,100,12,6,25,0,0,143,169,5,138,0.0,OFM Postcensal Housing Permits (1990-present)
FHSG-00236,JUR-07,2003,Mount Vernon,233,24,3,39,0,0,299,177,3,296,0.0,OFM Postcensal Housing Permits (1990-present)
FHSG-00237,JUR-07,2004,Mount Vernon,234,2,3,154,0,0,393,216,6,387,0.0,OFM Postcensal Housing Permits (1990-present)
FHSG-00238,JUR-07,2005,Mount Vernon,89,6,3,34,0,0,132,130,17,115,0.0,OFM Postcensal Housing Permits (1990-present)
FHSG-00239,JUR-07,2006,Mount Vernon,237,16,21,10,0,0,284,250,26,258,0.0,OFM Postcensal Housing Permits (1990-present)
FHSG-00240,JUR-07,2007,Mount Vernon,266,12,4,35,0,0,317,287,0,317,0.0,OFM Postcensal Housing Permits (1990-present)
FHSG-00241,JUR-07,2008,Mount Vernon,341,12,0,0,0,0,353,353,0,353,0.0,OFM Postcensal Housing Permits (1990-present)
FHSG-00242,JUR-07,2009,Mount Vernon,191,0,15,0,0,0,206,189,0,206,0.0,OFM Postcensal Housing Permits (1990-present)
FHSG-00243,JUR-07,2010,Mount Vernon,97,4,0,5,0,0,106,91,4,102,0.0,OFM Postcensal Housing Permits (1990-present)
FHSG-00244,JUR-07,2011,Mount Vernon,73,0,0,10,0,0,83,78,0,83,0.0,OFM Postcensal Housing Permits (1990-present)
FHSG-00245,JUR-07,2012,Mount Vernon,109,0,0,0,2,0,111,112,6,105,0.0,OFM Postcensal Housing Permits (1990-present)
FHSG-00246,JUR-07,2013,Mount Vernon,195,0,0,0,0,0,195,194,0,195,0.0,OFM Postcensal Housing Permits (1990-present)
FHSG-00247,JUR-07,2014,Mount Vernon,137,2,0,16,1,0,156,148,3,153,0.0,OFM Postcensal Housing Permits (1990-present)
FHSG-00248,JUR-07,2015,Mount Vernon,122,0,3,0,0,0,125,131,1,124,0.0,OFM Postcensal Housing Permits (1990-present)
FHSG-00249,JUR-07,2016,Mount Vernon,129,0,3,23,1,0,156,60,10,146,0.0,OFM Postcensal Housing Permits (1990-present)
FHSG-00250,JUR-07,2017,Mount Vernon,149,2,0,0,3,0,154,219,0,154,0.0,OFM Postcensal Housing Permits (1990-present)
FHSG-00251,JUR-07,2018,Mount Vernon,108,0,3,6,1,0,118,96,0,118,0.0,OFM Postcensal Housing Permits (1990-present)
FHSG-00252,JUR-07,2019,Mount Vernon,74,4,3,34,4,0,119,148,0,119,0.0,OFM Postcensal Housing Permits (1990-present)
FHSG-00253,JUR-07,2020,Mount Vernon,95,2,3,5,1,0,106,99,2,104,0.0,OFM Postcensal Housing Permits (1990-present)
FHSG-00254,JUR-07,2021,Mount Vernon,74,0,0,0,0,0,74,70,1,73,0.0,OFM Postcensal Housing Permits (1990-present)
FHSG-00255,JUR-07,2022,Mount Vernon,32,0,3,121,1,0,157,52,4,153,0.0,OFM Postcensal Housing Permits (1990-present)
FHSG-00256,JUR-07,2023,Mount Vernon,7,2,4,10,4,0,27,58,3,24,0.0,OFM Postcensal Housing Permits (1990-present)
FHSG-00257,JUR-07,2024,Mount Vernon,16,2,23,50,4,0,95,114,1,94,0.0,OFM Postcensal Housing Permits (1990-present)
FHSG-00258,JUR-07,2025,Mount Vernon,17,3,0,0,3,0,23,86,6,17,0.0,OFM Postcensal Housing Permits (1990-present)
FHSG-00259,JUR-07,2026,Mount Vernon,31,4,0,0,3,0,38,16,0,38,0.0,OFM Postcensal Housing Permits (1990-present)
FHSG-00260,JUR-08,1990,Sedro-Woolley,26,6,0,0,0,0,32,14,3,29,0.0,OFM Postcensal Housing Permits (1990-present)
FHSG-00261,JUR-08,1991,Sedro-Woolley,38,12,0,34,0,0,84,71,1,83,0.0,OFM Postcensal Housing Permits (1990-present)
FHSG-00262,JUR-08,1992,Sedro-Woolley,49,4,0,0,0,0,53,39,1,52,0.0,OFM Postcensal Housing Permits (1990-present)
FHSG-00263,JUR-08,1993,Sedro-Woolley,0,0,0,0,0,0,0,148,2,-2,0.0,OFM Postcensal Housing Permits (1990-present)
FHSG-00264,JUR-08,1994,Sedro-Woolley,57,4,0,6,0,0,67,60,4,63,0.0,OFM Postcensal Housing Permits (1990-present)
FHSG-00265,JUR-08,1995,Sedro-Woolley,38,4,15,41,0,0,98,98,1,97,0.0,OFM Postcensal Housing Permits (1990-present)
FHSG-00266,JUR-08,1996,Sedro-Woolley,23,38,0,0,0,0,61,53,4,57,0.0,OFM Postcensal Housing Permits (1990-present)
FHSG-00267,JUR-08,1997,Sedro-Woolley,29,2,0,0,0,0,31,40,2,29,0.0,OFM Postcensal Housing Permits (1990-present)
FHSG-00268,JUR-08,1998,Sedro-Woolley,23,6,0,0,0,0,29,38,10,19,0.0,OFM Postcensal Housing Permits (1990-present)
FHSG-00269,JUR-08,1999,Sedro-Woolley,24,24,0,0,0,0,48,41,3,45,0.0,OFM Postcensal Housing Permits (1990-present)
FHSG-00270,JUR-08,2000,Sedro-Woolley,32,12,0,0,0,0,44,143,6,38,0.0,OFM Postcensal Housing Permits (1990-present)
FHSG-00271,JUR-08,2001,Sedro-Woolley,38,6,58,0,0,0,102,17,3,99,0.0,OFM Postcensal Housing Permits (1990-present)
FHSG-00272,JUR-08,2002,Sedro-Woolley,36,6,82,30,0,0,154,58,3,151,0.0,OFM Postcensal Housing Permits (1990-present)
FHSG-00273,JUR-08,2003,Sedro-Woolley,37,50,69,30,0,0,186,130,3,183,0.0,OFM Postcensal Housing Permits (1990-present)
FHSG-00274,JUR-08,2004,Sedro-Woolley,90,8,0,0,0,0,98,97,6,92,0.0,OFM Postcensal Housing Permits (1990-present)
FHSG-00275,JUR-08,2005,Sedro-Woolley,48,10,8,0,0,0,66,66,7,59,0.0,OFM Postcensal Housing Permits (1990-present)
FHSG-00276,JUR-08,2006,Sedro-Woolley,127,44,27,0,0,0,198,45,59,139,0.0,OFM Postcensal Housing Permits (1990-present)
FHSG-00277,JUR-08,2007,Sedro-Woolley,83,12,15,0,0,0,110,65,10,100,0.0,OFM Postcensal Housing Permits (1990-present)
FHSG-00278,JUR-08,2008,Sedro-Woolley,28,14,19,15,0,0,76,45,1,75,0.0,OFM Postcensal Housing Permits (1990-present)
FHSG-00279,JUR-08,2009,Sedro-Woolley,15,2,4,10,0,0,31,24,6,25,0.0,OFM Postcensal Housing Permits (1990-present)
FHSG-00280,JUR-08,2010,Sedro-Woolley,8,0,0,0,0,0,8,6,8,0,0.0,OFM Postcensal Housing Permits (1990-present)
FHSG-00281,JUR-08,2011,Sedro-Woolley,7,0,0,0,0,0,7,10,4,3,0.0,OFM Postcensal Housing Permits (1990-present)
FHSG-00282,JUR-08,2012,Sedro-Woolley,4,0,0,0,0,0,4,2,2,2,0.0,OFM Postcensal Housing Permits (1990-present)
FHSG-00283,JUR-08,2013,Sedro-Woolley,9,0,0,0,0,0,9,2,1,8,0.0,OFM Postcensal Housing Permits (1990-present)
FHSG-00284,JUR-08,2014,Sedro-Woolley,6,6,0,0,0,0,12,7,4,8,0.0,OFM Postcensal Housing Permits (1990-present)
FHSG-00285,JUR-08,2015,Sedro-Woolley,18,2,4,8,0,0,32,18,1,31,0.0,OFM Postcensal Housing Permits (1990-present)
FHSG-00286,JUR-08,2016,Sedro-Woolley,36,8,0,0,0,0,44,55,1,43,0.0,OFM Postcensal Housing Permits (1990-present)
FHSG-00287,JUR-08,2017,Sedro-Woolley,26,6,28,53,0,0,113,30,7,106,0.0,OFM Postcensal Housing Permits (1990-present)
FHSG-00288,JUR-08,2018,Sedro-Woolley,38,0,0,12,0,0,50,88,7,43,0.0,OFM Postcensal Housing Permits (1990-present)
FHSG-00289,JUR-08,2019,Sedro-Woolley,8,8,12,16,0,0,44,45,4,40,0.0,OFM Postcensal Housing Permits (1990-present)
FHSG-00290,JUR-08,2020,Sedro-Woolley,39,6,0,0,0,0,45,64,5,40,0.0,OFM Postcensal Housing Permits (1990-present)
FHSG-00291,JUR-08,2021,Sedro-Woolley,60,2,0,0,1,0,63,59,7,56,0.0,OFM Postcensal Housing Permits (1990-present)
FHSG-00292,JUR-08,2022,Sedro-Woolley,77,14,9,100,2,0,202,80,3,199,0.0,OFM Postcensal Housing Permits (1990-present)
FHSG-00293,JUR-08,2023,Sedro-Woolley,7,4,28,0,3,0,42,153,4,38,0.0,OFM Postcensal Housing Permits (1990-present)
FHSG-00294,JUR-08,2024,Sedro-Woolley,30,6,7,87,2,0,132,74,2,130,0.0,OFM Postcensal Housing Permits (1990-present)
FHSG-00295,JUR-08,2025,Sedro-Woolley,35,0,3,15,3,0,56,57,2,54,0.0,OFM Postcensal Housing Permits (1990-present)
FHSG-00296,JUR-08,2026,Sedro-Woolley,20,4,0,0,3,0,27,116,6,21,0.0,OFM Postcensal Housing Permits (1990-present)
FHSG-00297,JUR-09,2025,Bay View Ridge UGA,12,0,0,0,0,0,12,12,0,12,4343012.17,Skagit County UGA Building Permits Log (2025)
FHSG-00298,JUR-10,2025,Swinomish UGA,0,0,0,0,0,0,0,0,0,0,32637.35,Skagit County UGA Building Permits Log (2025)
FHSG-00299,JUR-11,2011,Unincorporated Rural (outside UGAs),97,0,0,0,0,0,97,83,0,97,0.0,OFM Postcensal Housing Permits (1990-present)
FHSG-00300,JUR-11,2012,Unincorporated Rural (outside UGAs),62,0,0,0,0,0,62,67,40,22,0.0,OFM Postcensal Housing Permits (1990-present)
FHSG-00301,JUR-11,2013,Unincorporated Rural (outside UGAs),73,0,0,0,0,0,73,72,16,57,0.0,OFM Postcensal Housing Permits (1990-present)
FHSG-00302,JUR-11,2014,Unincorporated Rural (outside UGAs),73,0,0,0,0,0,73,77,18,55,0.0,OFM Postcensal Housing Permits (1990-present)
FHSG-00303,JUR-11,2015,Unincorporated Rural (outside UGAs),77,0,0,0,0,0,77,75,11,66,0.0,OFM Postcensal Housing Permits (1990-present)
FHSG-00304,JUR-11,2016,Unincorporated Rural (outside UGAs),90,0,0,0,0,0,90,90,13,77,0.0,OFM Postcensal Housing Permits (1990-present)
FHSG-00305,JUR-11,2017,Unincorporated Rural (outside UGAs),114,0,0,0,0,0,114,113,23,91,0.0,OFM Postcensal Housing Permits (1990-present)
FHSG-00306,JUR-11,2018,Unincorporated Rural (outside UGAs),125,0,4,0,0,0,129,127,17,112,0.0,OFM Postcensal Housing Permits (1990-present)
FHSG-00307,JUR-11,2019,Unincorporated Rural (outside UGAs),148,0,0,0,0,0,148,147,18,130,0.0,OFM Postcensal Housing Permits (1990-present)
FHSG-00308,JUR-11,2020,Unincorporated Rural (outside UGAs),163,0,0,0,0,0,163,162,11,152,0.0,OFM Postcensal Housing Permits (1990-present)
FHSG-00309,JUR-11,2021,Unincorporated Rural (outside UGAs),45,0,0,0,18,0,63,82,10,53,0.0,OFM Postcensal Housing Permits (1990-present)
FHSG-00310,JUR-11,2022,Unincorporated Rural (outside UGAs),124,0,0,0,29,0,153,59,0,153,0.0,OFM Postcensal Housing Permits (1990-present)
FHSG-00311,JUR-11,2023,Unincorporated Rural (outside UGAs),97,0,0,0,34,0,131,75,11,120,0.0,OFM Postcensal Housing Permits (1990-present)
FHSG-00312,JUR-11,2024,Unincorporated Rural (outside UGAs),78,0,0,0,34,0,112,101,14,98,0.0,OFM Postcensal Housing Permits (1990-present)
FHSG-00313,JUR-11,2025,Unincorporated Rural (outside UGAs),109,4,0,0,37,0,150,109,3,147,0.0,OFM Postcensal Housing Permits (1990-present)
FHSG-00314,JUR-11,2026,Unincorporated Rural (outside UGAs),76,0,0,0,9,0,85,83,15,70,0.0,OFM Postcensal Housing Permits (1990-present)
